"halalStatus","dataAiHint","tags__001","tags__002","tags__003","tags__004","tags__005","tags__006","tags__007","tags__008","longitude","approvedAt","rating","submittedAt","name","businessStatus","dataHashId","priceLevel","logoLink","openingHours","userRatingsTotal","latitude","state","address","googlePlaceId","id","websiteLink","socialInstagram","socialFacebook","socialTwitter","socialTiktok","socialWhatsapp"
"Not Specified","null","cafe","food","point of interest","establishment","","","","","101.0866827","null","4.7","null","+he Cursor","OPERATIONAL","hash_+he Cursor (Perak)","null","null","null","65","4.5995172","Perak","117, Jalan Raja Ekram, Kampung Jawa, 30300 Ipoh, Perak, Malaysia","ChIJQ5DoH8jtyjERHu8AmMeV2Y4","+he Cursor (Perak)","","","","","",""
"Not Specified","null","cafe","food","point of interest","store","establishment","","","","100.3645535","null","3.7","null","105°c coffeehaus","OPERATIONAL","hash_105°c coffeehaus (Kedah)","null","null","null","219","6.125127","Kedah","642, Jalan Pintu Sepuluh, Kampung Lubok Peringgi, 05100 Alor Setar, Kedah, Malaysia","ChIJD2ljGkNFSzARhp4oWHUKVsM","105°c coffeehaus (Kedah)","","","","","",""
"Not Specified","null","cafe","food","point of interest","establishment","","","","","101.718023","null","3.4","null","108 Matcha Saro - The Exchange TRX","OPERATIONAL","hash_108 Matcha Saro - The Exchange TRX (Kuala Lumpur)","null","null","null","158","3.1426031","Kuala Lumpur","Lot C.OS.06, Level Concourse, The Exchange TRX, Persiaran TRX, Imbi, 55188 Kuala Lumpur, Federal Territory of Kuala Lumpur, Malaysia","ChIJtzotfgA3zDERm3VzKnd1dB8","108 Matcha Saro - The Exchange TRX (Kuala Lumpur)","","","","","",""
"Not Specified","null","cafe","food","point of interest","establishment","","","","","101.718023","null","3.4","null","108 Matcha Saro - The Exchange TRX","OPERATIONAL","hash_108 Matcha Saro - The Exchange TRX (Selangor)","null","null","null","158","3.1426031","Selangor","Lot C.OS.06, Level Concourse, The Exchange TRX, Persiaran TRX, Imbi, 55188 Kuala Lumpur, Federal Territory of Kuala Lumpur, Malaysia","ChIJtzotfgA3zDERm3VzKnd1dB8","108 Matcha Saro - The Exchange TRX (Selangor)","","","","","",""
"Not Specified","null","art gallery","cafe","restaurant","food","point of interest","store","establishment","","100.3644613","null","4.4","null","ART NATURE GALLERY CAFE","OPERATIONAL","hash_ART NATURE GALLERY CAFE (Kedah)","null","null","null","136","6.1168261","Kedah","Pekan Melayu, 46, Jalan Sultan Muhammad Jiwa, 05000 Alor Setar, Kedah, Malaysia","ChIJuV5Vrf9FSzAR46_AflJSVwM","ART NATURE GALLERY CAFE (Kedah)","","","","","",""
"Not Specified","null","cafe","food","point of interest","establishment","","","","","102.246182","null","4.3","null","Aaagain by Grounded 22","OPERATIONAL","hash_Aaagain by Grounded 22 (Malacca)","null","null","null","199","2.1980242","Malacca","No. 64, 64-1 & 64, 2, Jalan Tokong, Melaka Tengah, 75200 Melaka, Malaysia","ChIJ319JMXTx0TER4p0CHLnpYT0","Aaagain by Grounded 22 (Malacca)","","","","","",""
"Not Specified","null","cafe","store","food","point of interest","establishment","","","","100.1957047","null","4.7","null","Ahli Kopi Kangar","OPERATIONAL","hash_Ahli Kopi Kangar (Perlis)","null","null","null","89","6.4394773","Perlis","Jalan Penjara, Pusat Bandar Kangar, 01000 Kangar, Perlis, Malaysia","ChIJGUiRnbWZTDARbC9Y3ikjWhI","Ahli Kopi Kangar (Perlis)","","","","","",""
"Not Specified","null","cafe","food","point of interest","establishment","","","","","102.2502467","null","4.6","null","Alley No.5","OPERATIONAL","hash_Alley No5 (Malacca)","null","null","null","201","2.1970123","Malacca","18, Lorong Jambatan, Kampung Pantai, 75200 Melaka, Malaysia","ChIJV4p4s97x0TERraR60KXOPjE","Alley No5 (Malacca)","","","","","",""
"Not Specified","null","cafe","food","point of interest","store","establishment","","","","116.5906439","null","4.2","null","Anooh Coffee","OPERATIONAL","hash_Anooh Coffee (Sabah)","null","null","null","772","5.9795089","Sabah","KM3 Kundasang-Ranau road Kundasang, 89308 Ranau, Sabah, Malaysia","ChIJT3aQinKZOzIR4UqslihlQ1k","Anooh Coffee (Sabah)","","","","","",""
"Not Specified","null","cafe","food","point of interest","store","establishment","","","","101.8222432","null","4.8","null","Apacaba Coffee | Sepang Lukut","OPERATIONAL","hash_Apacaba Coffee | Sepang Lukut (Negeri Sembilan)","null","null","null","565","2.5921365","Negeri Sembilan","Lot 5823 mukim jimah Pekan lukut Lukut, 71010 Port Dickson, Negeri Sembilan, Malaysia","ChIJ7zcyUS_vzTERQcW7pLjjh6o","Apacaba Coffee | Sepang Lukut (Negeri Sembilan)","","","","","",""
"Not Specified","null","cafe","food","point of interest","establishment","","","","","102.2337215","null","4.2","null","Atas Cafe Kota Bharu","OPERATIONAL","hash_Atas Cafe Kota Bharu (Kelantan)","null","null","null","215","6.1147089","Kelantan","Pt 495-496 Lembah Sireh, 15050 Kota Bharu, Kelantan, Malaysia","ChIJuV1I4buvtjERR4p2B92Hsr4","Atas Cafe Kota Bharu (Kelantan)","","","","","",""
"Not Specified","null","point of interest","establishment","","","","","","","115.2430664","null","4.4","null","Ayoi Labuan","OPERATIONAL","hash_Ayoi Labuan (Labuan)","null","null","null","10","5.2779183","Labuan","U0211, Jalan Bahasa, Bandar Labuan, 87000 Labuan, Wilayah Persekutuan Labuan, Malaysia","ChIJF7sOwlIZIzIRBN-9Ilmf5uA","Ayoi Labuan (Labuan)","","","","","",""
"Not Specified","null","cafe","food","point of interest","store","establishment","","","","101.6740886","null","4.6","null","BASK.","OPERATIONAL","hash_BASK (Kuala Lumpur)","null","null","null","208","3.1242565","Kuala Lumpur","BASK Malaysia, APW, 29, Jalan Riong, Bangsar, 59100 Kuala Lumpur, Federal Territory of Kuala Lumpur, Malaysia","ChIJh9ERe5NJzDERd7YxXR4cIXI","BASK (Kuala Lumpur)","","","","","",""
"Not Specified","null","cafe","store","food","point of interest","establishment","","","","100.1850877","null","4.2","null","BLOCK Caife","OPERATIONAL","hash_BLOCK Caife (Perlis)","null","null","null","143","6.4358074","Perlis","Jalan Pengkalan Asam, Kampung Pengkalan Asam, 01000 Kangar, Perlis, Malaysia","ChIJGeqmMgyZTDARF20Smtawt3Y","BLOCK Caife (Perlis)","","","","","",""
"Not Specified","null","cafe","food","point of interest","establishment","","","","","102.2290515","null","4.9","null","Baked.","OPERATIONAL","hash_Baked (Malacca)","null","null","null","2508","2.1981667","Malacca","19, Jalan KPKS 5-A Kompleks Perniagaan Al-azim Kota Syahbandar, 75200 Melaka, Malaysia","ChIJe-dnGhzx0TERyF7hjld7W4g","Baked (Malacca)","","","","","",""
"Not Specified","null","cafe","food","point of interest","store","establishment","","","","101.6800647","null","3.6","null","Bask Bear Coffee Ayer 8 Putrajaya","OPERATIONAL","hash_Bask Bear Coffee Ayer 8 Putrajaya (Putrajaya)","null","null","null","75","2.9253887","Putrajaya","G- 3A, Ayer8, A1, Jalan P8G, Presint 8, 62250 Putrajaya, Malaysia","ChIJzy-jezi3zTERf-bBiDCWbEQ","Bask Bear Coffee Ayer 8 Putrajaya (Putrajaya)","","","","","",""
"Not Specified","null","cafe","food","point of interest","establishment","","","","","101.7232302","null","4","null","Bask Bear Coffee Presint 15 Putrajaya","OPERATIONAL","hash_Bask Bear Coffee Presint 15 Putrajaya (Putrajaya)","null","null","null","38","2.9449009","Putrajaya","65 (GF, Jln Diplomatik, Presint 15, 62500 Putrajaya, Wilayah Persekutuan Putrajaya, Malaysia","ChIJcYWC38jJzTERT23PkqAv54o","Bask Bear Coffee Presint 15 Putrajaya (Putrajaya)","","","","","",""
"Not Specified","null","cafe","food","point of interest","store","establishment","","","","101.6844953","null","4.4","null","Bike and Beans MY","OPERATIONAL","hash_Bike and Beans MY (Putrajaya)","null","null","null","71","2.9142899","Putrajaya","Jalan P4 Y, Presint 4, 62100 Putrajaya, Wilayah Persekutuan Putrajaya, Malaysia","ChIJQeoxtm1NzDERuq00qaEuSgk","Bike and Beans MY (Putrajaya)","","","","","",""
"Not Specified","null","cafe","point of interest","food","establishment","","","","","110.3477083","null","4.4","null","Black Bean Coffee","OPERATIONAL","hash_Black Bean Coffee (Sarawak)","1","null","null","655","1.557732","Sarawak","No.87, Ewe Hai St, 93000 Kuching, Sarawak, Malaysia","ChIJ4TKkHOyn-zERMSpng14URfk","Black Bean Coffee (Sarawak)","","","","","",""
"Not Specified","null","point of interest","establishment","","","","","","","115.2464383","null","null","null","Boba Chic Labuan","OPERATIONAL","hash_Boba Chic Labuan (Labuan)","null","null","null","null","5.278393299999999","Labuan","Lot 34, Block C Ground Floor at 3 Storey Lazenda Shoplot, 87007 Labuan, Wilayah Persekutuan Labuan, Malaysia","ChIJXyRPHssZIzIRElrsOG3Q0dA","Boba Chic Labuan (Labuan)","","","","","",""
"Not Specified","null","cafe","store","food","point of interest","establishment","","","","115.2487039","null","4.9","null","Brew N’ Bask","OPERATIONAL","hash_Brew N’ Bask (Labuan)","null","null","null","8","5.2758809","Labuan","A025(A), Ground Floor Podium Level, Complex Labuan, Jln Merdeka, Financial Park, 87000 Labuan, Wilayah Persekutuan Labuan, Malaysia","ChIJ27WObBgZIzIRgqk_IhhfBh0","Brew N’ Bask (Labuan)","","","","","",""
"Not Specified","null","cafe","store","point of interest","food","establishment","","","","103.6966748","null","4.5","null","Burrtemu Coffee","OPERATIONAL","hash_Burrtemu Coffee (Johor)","null","null","null","71","1.4958211","Johor","PTD18813, Jalan Manggis, Kampung Pasir, 81200 Johor Bahru, Johor, Malaysia","ChIJQ3yhgQBz2jER0jHgFETtxsE","Burrtemu Coffee (Johor)","","","","","",""
"Not Specified","null","cafe","point of interest","food","establishment","","","","","110.3468953","null","4.7","null","CHAS Cafe & Space","OPERATIONAL","hash_CHAS Cafe & Space (Sarawak)","null","null","null","40","1.5581207","Sarawak","No17, Lot 28, Jalan Bishopsgate, Section 27, 93000 Kuching, Sarawak, Malaysia","ChIJWzSyjX-n-zERW4ijfD2b0oo","CHAS Cafe & Space (Sarawak)","","","","","",""
"Not Specified","null","cafe","store","point of interest","food","establishment","","","","110.3464267","null","4.9","null","COHOMO Cafe","OPERATIONAL","hash_COHOMO Cafe (Sarawak)","null","null","null","45","1.502015","Sarawak","Lot LG07, Ground Floor, Green Heights Mall, 129, Lorong Lapangan Terbang 2, Green Heights, 93250 Kuching, Sarawak, Malaysia","ChIJJ155zK2n-zERwOZklIIV7yA","COHOMO Cafe (Sarawak)","","","","","",""
"Not Specified","null","cafe","store","food","point of interest","establishment","","","","102.2483427","null","4.9","null","COTTI COFFEE JONKER STREET","OPERATIONAL","hash_COTTI COFFEE JONKER STREET (Malacca)","null","null","null","82","2.1948261","Malacca","12, Lorong Hang Jebat, 75200 Melaka, Malaysia","ChIJrV7jTwDx0TER-aXaTgLkwoE","COTTI COFFEE JONKER STREET (Malacca)","","","","","",""
"Not Specified","null","cafe","food","point of interest","store","establishment","","","","100.3664572","null","5","null","COTTI COFFEE 库迪咖啡 - Aman Central","OPERATIONAL","hash_COTTI COFFEE 库迪咖啡 - Aman Central (Kedah)","null","null","null","174","6.124969699999999","Kedah","4-k02-b, Fourth Floor, Aman Central, Lebuhraya Darul Aman, Kampung Lubok Peringgi, 05100 Alor Setar, Kedah, Malaysia","ChIJ1dE4QwBFSzARBSPp6zwgX1Y","COTTI COFFEE 库迪咖啡 - Aman Central (Kedah)","","","","","",""
"Not Specified","null","cafe","food","point of interest","store","establishment","","","","101.4700025","null","4.7","null","CXBS Coffee & Matcha","OPERATIONAL","hash_CXBS Coffee & Matcha (Selangor)","null","null","null","44","3.125636","Selangor","72, Jln Setia Perdana BB U13/BB, Setia Alam, 40170 Shah Alam, Selangor, Malaysia","ChIJT1W7mTxRzDERSoeHnavgYBA","CXBS Coffee & Matcha (Selangor)","","","","","",""
"Not Specified","null","cafe","food","point of interest","store","establishment","","","","100.3702736","null","5","null","Cactus Coffee","OPERATIONAL","hash_Cactus Coffee (Kedah)","null","null","null","11","6.1223245","Kedah","GL-04, Ukir Mall, Bandar Alor Setar, 05000 Alor Setar, Kedah, Malaysia","ChIJuUeWDO5FSzARTTIG-E408X4","Cactus Coffee (Kedah)","","","","","",""
"Not Specified","null","cafe","food","point of interest","establishment","","","","","100.3651556","null","4.8","null","Cafe Atas","OPERATIONAL","hash_Cafe Atas (Kedah)","null","null","null","42","6.1177813","Kedah","Lot 1A, Tingkat Atas, Pekan Buah, 05000 Alor Setar, Kedah, Malaysia","ChIJa5ZbKKNFSzARmXmP_6TBmvM","Cafe Atas (Kedah)","","","","","",""
"Not Specified","null","cafe","store","food","point of interest","establishment","","","","100.9194116","null","4.9","null","Calf Kopi","OPERATIONAL","hash_Calf Kopi (Perak)","null","null","null","204","4.772131","Perak","Jalan Taiping, Simpang 3 Talang, 33000 Kuala Kangsar, Perak, Malaysia","ChIJ-14ka0K9yjERJFaURRnfav4","Calf Kopi (Perak)","","","","","",""
"Not Specified","null","cafe","bakery","restaurant","food","point of interest","store","establishment","","101.7204226","null","4.8","null","Celsius Coffee Putrajaya","OPERATIONAL","hash_Celsius Coffee Putrajaya (Putrajaya)","2","null","null","1147","2.965947","Putrajaya","I-G-11, Conezion Persiaran IRC3 IOI Resort City, 62502 Putrajaya, Wilayah Persekutuan Putrajaya, Malaysia","ChIJTVCmQwDLzTERTDiESCln38Q","Celsius Coffee Putrajaya (Putrajaya)","","","","","",""
"Not Specified","null","cafe","food","point of interest","establishment","","","","","101.9368603","null","4.6","null","ChaCha Coffee","OPERATIONAL","hash_ChaCha Coffee (Negeri Sembilan)","null","null","null","78","2.7278651","Negeri Sembilan","16, Jalan Kong Sang, Bandar Seremban, 70000 Seremban, Negeri Sembilan, Malaysia","ChIJKS1yU_LdzTERXOKip3n6rOI","ChaCha Coffee (Negeri Sembilan)","","","","","",""
"Not Specified","null","cafe","food","point of interest","store","establishment","","","","101.7131746","null","4.8","null","Chabashira Tea","OPERATIONAL","hash_Chabashira Tea (Kuala Lumpur)","null","null","null","24","3.1575813","Kuala Lumpur","KLCC Lot C21A, ISETAN, Level Concourse, Suria, Kuala Lumpur City Centre, 50088 Kuala Lumpur, Federal Territory of Kuala Lumpur, Malaysia","ChIJD_8ibwA3zDERTel0eRYd23o","Chabashira Tea (Kuala Lumpur)","","","","","",""
"Not Specified","null","cafe","restaurant","food","point of interest","store","establishment","","","101.6295536","null","4.6","null","Chabashira Tea Roastery","OPERATIONAL","hash_Chabashira Tea Roastery (Kuala Lumpur)","null","null","null","528","3.111124","Kuala Lumpur","129, Jalan 20/7, Taman Paramount, 46300 Petaling Jaya, Selangor, Malaysia","ChIJSUWgZ1NLzDERxF51v2rOGss","Chabashira Tea Roastery (Kuala Lumpur)","","","","","",""
"Not Specified","null","cafe","restaurant","food","point of interest","store","establishment","","","101.6295536","null","4.6","null","Chabashira Tea Roastery","OPERATIONAL","hash_Chabashira Tea Roastery (Negeri Sembilan)","null","null","null","528","3.111124","Negeri Sembilan","129, Jalan 20/7, Taman Paramount, 46300 Petaling Jaya, Selangor, Malaysia","ChIJSUWgZ1NLzDERxF51v2rOGss","Chabashira Tea Roastery (Negeri Sembilan)","","","","","",""
"Not Specified","null","cafe","restaurant","food","point of interest","store","establishment","","","101.6295536","null","4.6","null","Chabashira Tea Roastery","OPERATIONAL","hash_Chabashira Tea Roastery (Selangor)","null","null","null","528","3.111124","Selangor","129, Jalan 20/7, Taman Paramount, 46300 Petaling Jaya, Selangor, Malaysia","ChIJSUWgZ1NLzDERxF51v2rOGss","Chabashira Tea Roastery (Selangor)","","","","","",""
"Not Specified","null","store","food","point of interest","establishment","","","","","101.0780201","null","4","null","Chakori 二奶冰室","OPERATIONAL","hash_Chakori 二奶冰室 (Perak)","null","null","null","447","4.5959854","Perak","35, Jalan Market, 30000 Ipoh, Perak, Malaysia","ChIJxamWhH7tyjER0AZpnfy_s6w","Chakori 二奶冰室 (Perak)","","","","","",""
"Not Specified","null","cafe","point of interest","food","establishment","","","","","103.6682058","null","4.3","null","Chatto Brew Sutera Utama","OPERATIONAL","hash_Chatto Brew Sutera Utama (Johor)","2","null","null","182","1.5154042","Johor","64, Jalan Sutera Tanjung 8/3, Taman Sutera Utama, Skudai, 81300 Johor Bahru, Malaysia","ChIJQzWaYatz2jERH0RZTXQiejI","Chatto Brew Sutera Utama (Johor)","","","","","",""
"Not Specified","null","cafe","store","food","point of interest","establishment","","","","115.242084","null","4.4","null","Chatto Coffee Labuan","OPERATIONAL","hash_Chatto Coffee Labuan (Labuan)","null","null","null","81","5.2796373","Labuan","Lot 2, Ground Floor, Wisma Lazenda, Jalan Kemajuan, 87000 Labuan, Labuan Federal Territory, Malaysia","ChIJCWr4zWYZIzIRBmUd8e0zQ-I","Chatto Coffee Labuan (Labuan)","","","","","",""
"Not Specified","null","cafe","store","point of interest","food","establishment","","","","103.6178912","null","4.2","null","Chatto Eco Botanic","OPERATIONAL","hash_Chatto Eco Botanic (Johor)","null","null","null","26","1.4387893","Johor","36, Jalan Eko Botani 3/6, Taman Eko Botani Iskandar Puteri, 79100 Johor Bahru, Johor Darul Ta'zim, Malaysia","ChIJM_m0CAAL2jER8iE8NgbM1uk","Chatto Eco Botanic (Johor)","","","","","",""
"Not Specified","null","cafe","food","point of interest","establishment","","","","","100.3513368","null","4.1","null","Chatto Tea & Coffee (Kedah - Kompleks Perniagaan Ampang Branch)","OPERATIONAL","hash_Chatto Tea & Coffee (Kedah - Kompleks Perniagaan Ampang Branch) (Kedah)","2","null","null","76","6.111774","Kedah","Lot 11A, PT111, Kompleks Perniagaan Ampang, Sultanah Bahiyah Hwy, 05050 Alor Setar, Kedah, Malaysia","ChIJ3foTv0dFSzARTUSPABI7rCs","Chatto Tea & Coffee (Kedah - Kompleks Perniagaan Ampang Branch) (Kedah)","","","","","",""
"Not Specified","null","cafe","food","point of interest","establishment","","","","","102.2584373","null","4.7","null","CheckIn Bingsu Dessert Cafe","OPERATIONAL","hash_CheckIn Bingsu Dessert Cafe (Malacca)","null","null","null","102","2.18644","Malacca","15, Jln Merdeka, Taman Melaka Raya, 75000 Melaka, Malaysia","ChIJS7WcYtvv0TER7Ym1Mvh0TXQ","CheckIn Bingsu Dessert Cafe (Malacca)","","","","","",""
"Not Specified","null","cafe","bakery","store","restaurant","food","point of interest","establishment","","102.2355103","null","4.8","null","Churrr mochi and coffee","OPERATIONAL","hash_Churrr mochi and coffee (Malacca)","null","null","null","105","2.1934791","Malacca","19-1, Jalan KSB 14, Taman Kota Syahbandar, 75200 Melaka, Malaysia","ChIJMUnbNfzx0TERF3BBsvU4FB4","Churrr mochi and coffee (Malacca)","","","","","",""
"Not Specified","null","cafe","food","point of interest","establishment","","","","","116.0900027","null","4.5","null","Coastal Coffee Club","OPERATIONAL","hash_Coastal Coffee Club (Sabah)","null","null","null","171","5.962005899999999","Sabah","Lot 2 Ground Floor, Block A, Lorong Damai Point, Luyang Commercial Centre, 88300 Kota Kinabalu, Sabah, Malaysia","ChIJjXHxDydpOzIRFGFgSLEFVgg","Coastal Coffee Club (Sabah)","","","","","",""
"Not Specified","null","cafe","point of interest","food","establishment","","","","","110.3499493","null","4.6","null","Coff","OPERATIONAL","hash_Coff (Sarawak)","null","null","null","61","1.5046422","Sarawak","Ground Floor, Lot 12626 (SL14, Cha Yi Goldland, 801-2B Jalan Tun Jugah, Stutong, 93350 Kuching, Sarawak, Malaysia","ChIJMQev5-Gn-zERfbqgaNOkbn4","Coff (Sarawak)","","","","","",""
"Not Specified","null","cafe","store","food","point of interest","establishment","","","","101.0809766","null","4.8","null","Coffee CAMP 612 Cafe Ipoh","OPERATIONAL","hash_Coffee CAMP 612 Cafe Ipoh (Perak)","null","null","null","225","4.6043255","Perak","Lot A-25, No. A-9, Kinta River Walk, Lebuhraya Istana, Taman Istana, 30300 Ipoh, Perak, Malaysia","ChIJ945vnZftyjERPek__SOt_1A","Coffee CAMP 612 Cafe Ipoh (Perak)","","","","","",""
"Not Specified","null","cafe","store","food","point of interest","establishment","","","","103.3447816","null","4.2","null","Coffee Shop Kohi Ventures","OPERATIONAL","hash_Coffee Shop Kohi Ventures (Pahang)","null","null","null","97","3.8176547","Pahang","Jalan Kubang Buaya, Taman Mayfair (Green), 25250 Kuantan, Pahang, Malaysia","ChIJeXEBmB27yDERd76x3Jg60Tc","Coffee Shop Kohi Ventures (Pahang)","","","","","",""
"Not Specified","null","cafe","food","point of interest","store","establishment","","","","101.9036212","null","4.9","null","Coffeepac","OPERATIONAL","hash_Coffeepac (Negeri Sembilan)","null","null","null","12","2.6951886","Negeri Sembilan","Lot GK-19, Mydin, Persiaran S2 B7, Seremban 2, 70300 Seremban, Negeri Sembilan, Malaysia","ChIJGxzahrDdzTEREnz9uRaJCNk","Coffeepac (Negeri Sembilan)","","","","","",""
"Not Specified","null","cafe","food","point of interest","establishment","","","","","116.0894345","null","4","null","Commune Coffee","OPERATIONAL","hash_Commune Coffee (Sabah)","2","null","null","163","5.9464559","Sabah","Lot 25-0, Lorong Lintas Plaza, Lintas Jaya, 88300 Kota Kinabalu, Sabah, Malaysia","ChIJG8Nn37xpOzIRvUE-97q7wu4","Commune Coffee (Sabah)","","","","","",""
"Not Specified","null","cafe","store","restaurant","point of interest","food","establishment","","","103.7772983","null","4.5","null","Craftea","OPERATIONAL","hash_Craftea (Johor)","null","null","null","165","1.5650395","Johor","33, Jln Austin Height 8/8, Taman Mount Austin, 81100 Johor Bahru, Johor Darul Ta'zim, Malaysia","ChIJhX2miv5v2jERbZKZl3VyIco","Craftea (Johor)","","","","","",""
"Not Specified","null","cafe","food","point of interest","establishment","","","","","116.1273783","null","4.8","null","Cup&Mug Cafe","OPERATIONAL","hash_Cup&Mug Cafe (Sabah)","null","null","null","102","5.9941933","Sabah","Jln Undan, 88400 Kota Kinabalu, Sabah, Malaysia","ChIJSxAMcihrOzIRws6y3Ce4MLs","Cup&Mug Cafe (Sabah)","","","","","",""
"Not Specified","null","cafe","store","food","point of interest","establishment","","","","100.2342068","null","4.7","null","Cynta Kopi","OPERATIONAL","hash_Cynta Kopi (Perlis)","null","null","null","76","6.4940789","Perlis","Jalan Alor Sena, Kampung Masjid, 01000 Kangar, Perlis, Malaysia","ChIJOQj2OQCXTDARyL8oYK14VEs","Cynta Kopi (Perlis)","","","","","",""
"Not Specified","null","cafe","food","point of interest","establishment","","","","","102.2289334","null","4.9","null","DEARBOX CAFE -Melaka@Kota Syahbandar","OPERATIONAL","hash_DEARBOX CAFE -Melaka@Kota Syahbandar (Malacca)","null","null","null","139","2.1980811","Malacca","Ground Floor, Kompleks Perniagaan Kota Syahbandar, 21, Jalan KPKS 5, Kawasan Bandar VI, 75200 Melaka, Malaysia","ChIJnQwis5zx0TERtOavfzlE3_8","DEARBOX CAFE -Melaka@Kota Syahbandar (Malacca)","","","","","",""
"Not Specified","null","cafe","food","point of interest","store","establishment","","","","100.4194546","null","4.6","null","Danzo Coffee","OPERATIONAL","hash_Danzo Coffee (Kedah)","null","null","null","102","6.2897776","Kedah","Taman Mutiara, 06000 Jitra, Kedah, Malaysia","ChIJy18GVXxZSzARq-xUkwSVAiY","Danzo Coffee (Kedah)","","","","","",""
"Not Specified","null","cafe","food","point of interest","store","establishment","","","","101.7235631","null","4.9","null","DeMi Coffee","OPERATIONAL","hash_DeMi Coffee (Putrajaya)","null","null","null","52","2.9448799","Putrajaya","67A, Jln Diplomatik, Presint 15, 62050 Putrajaya, Wilayah Persekutuan Putrajaya, Malaysia","ChIJF2H1EQDJzTERCzv_KUsEWi8","DeMi Coffee (Putrajaya)","","","","","",""
"Not Specified","null","cafe","point of interest","food","establishment","","","","","110.3618729","null","4.1","null","Dolce Dessert Café","OPERATIONAL","hash_Dolce Dessert Café (Sarawak)","null","null","null","157","1.5056048","Sarawak","Level 1, Sublot 27, Block A2 Saradise Kuching, Off, Jalan Stutong, 93350 Kuching, Sarawak, Malaysia","ChIJQb6r9-un-zERJ1WIThjBTbY","Dolce Dessert Café (Sarawak)","","","","","",""
"Not Specified","null","store","food","point of interest","establishment","","","","","115.2441302","null","5","null","Doomi Ice & Bites","OPERATIONAL","hash_Doomi Ice & Bites (Labuan)","null","null","null","2","5.2812148","Labuan","Paragon Labuan, Ground Floor Bandar Labuan Labuan MY, 87000 Labuan, Wilayah Persekutuan Labuan, Malaysia","ChIJ3d9exIEZIzIREkMryjP_bEQ","Doomi Ice & Bites (Labuan)","","","","","",""
"Not Specified","null","cafe","store","food","point of interest","establishment","","","","102.2430154","null","4.9","null","Double Dose Coffee","OPERATIONAL","hash_Double Dose Coffee (Malacca)","null","null","null","267","2.20846","Malacca","10, Jalan Gajah Berang, Kampung Tujuh, 75200 Melaka, Malaysia","ChIJgwSlli_x0TERiAbrP2viOJY","Double Dose Coffee (Malacca)","","","","","",""
"Not Specified","null","cafe","food","point of interest","establishment","","","","","101.1197749","null","4.7","null","Dousserie Bakehouse & Cafe","OPERATIONAL","hash_Dousserie Bakehouse & Cafe (Perak)","null","null","null","348","4.618055399999999","Perak","29, Jalan Medan Ipoh 3, Bandar Baru Medan Ipoh, 31400 Ipoh, Perak, Malaysia","ChIJo9MlsK3tyjERZySomxXx9Xc","Dousserie Bakehouse & Cafe (Perak)","","","","","",""
"Not Specified","null","bakery","cafe","food","point of interest","store","establishment","","","102.2430701","null","4.4","null","Dream Coffee & Pastry","OPERATIONAL","hash_Dream Coffee & Pastry (Kelantan)","null","null","null","38","6.130580699999999","Kelantan","PT 259, 260, Jln Kebun Sultan, Bandar Kota Bharu, 15300 Kota Bharu, Kelantan, Malaysia","ChIJ26Z41I2vtjERHYVows373tM","Dream Coffee & Pastry (Kelantan)","","","","","",""
"Not Specified","null","cafe","food","point of interest","establishment","","","","","102.2647219","null","4.2","null","Drum & Desk","OPERATIONAL","hash_Drum & Desk (Kelantan)","3","null","null","482","6.1212007","Kelantan","2055, Lorong Taman Sari 2, Taman Sari, 15200 Kota Bharu, Kelantan, Malaysia","ChIJ6f7GtVqxtjER4DiwMX5E2ec","Drum & Desk (Kelantan)","","","","","",""
"Not Specified","null","cafe","food","point of interest","store","establishment","","","","101.6360879","null","4.7","null","Duer Cafe Cyberjaya (Flagship Store)","OPERATIONAL","hash_Duer Cafe Cyberjaya (Flagship Store) (Putrajaya)","null","null","null","497","2.9207043","Putrajaya","D3-03-17, Tamarind Square, Persiaran Multimedia, Cyberjaya, 63000 Cyberjaya, Selangor, Malaysia","ChIJT0YqXAC3zTERPE1K6d5ghXM","Duer Cafe Cyberjaya (Flagship Store) (Putrajaya)","","","","","",""
"Not Specified","null","cafe","store","point of interest","food","establishment","","","","110.368711","null","4.6","null","Earthlings Coffee Workshop","OPERATIONAL","hash_Earthlings Coffee Workshop (Sarawak)","2","null","null","692","1.5300319","Sarawak","Soho East, Sublot 16 Ground Floor Lot 188, Jalan Wan Alwi Lorong, 5, Taman Supreme, 93350 Kuching, Sarawak, Malaysia","ChIJBX5tzwWn-zER9VjOCubgjrk","Earthlings Coffee Workshop (Sarawak)","","","","","",""
"Not Specified","null","point of interest","establishment","","","","","","","115.241171","null","5","null","Eight Tea Bataras Labuan","OPERATIONAL","hash_Eight Tea Bataras Labuan (Labuan)","null","null","null","4","5.2946161","Labuan","SU3588, Jalan Tun Mustapha, Kampung Batu Arang, 87008, Wilayah Persekutuan Labuan, Malaysia","ChIJCdouOogZIzIRrG2Hf0nzlUM","Eight Tea Bataras Labuan (Labuan)","","","","","",""
"Not Specified","null","cafe","food","point of interest","establishment","","","","","101.9320446","null","4.3","null","Eightyfour.","OPERATIONAL","hash_Eightyfour (Negeri Sembilan)","null","null","null","34","2.7347099","Negeri Sembilan","84, Jalan Tan Sri Manickavasagam, Jalan Lobak 1, 70200 Seremban, Negeri Sembilan, Malaysia","ChIJrwa-LH_dzTERsiUob4NC6hg","Eightyfour (Negeri Sembilan)","","","","","",""
"Not Specified","null","cafe","food","point of interest","store","establishment","","","","101.6870642","null","4.1","null","Ekues Cabin Cafe","OPERATIONAL","hash_Ekues Cabin Cafe (Putrajaya)","2","null","null","857","2.8949759","Putrajaya","Ekues Cabin Cafe, Taman Ekuestrian, Jalan Kandang Kuda, Presint 5, 62000 Putrajaya, Malaysia","ChIJ9Q_OQw23zTERy57ZOFjpkSE","Ekues Cabin Cafe (Putrajaya)","","","","","",""
"Not Specified","null","cafe","food","point of interest","establishment","","","","","102.2490893","null","4.9","null","FEI Coffee Bar","OPERATIONAL","hash_FEI Coffee Bar (Malacca)","null","null","null","226","2.1959647","Malacca","3, Jalan Kampung Kuli, 75200 Melaka, Malaysia","ChIJebAG2Qbx0TERJRS7jXzYeSE","FEI Coffee Bar (Malacca)","","","","","",""
"Not Specified","null","cafe","point of interest","food","establishment","","","","","111.8473192","null","4.1","null","FLŌS Patisserie et Cafe","OPERATIONAL","hash_FLŌS Patisserie et Cafe (Sarawak)","null","null","null","54","2.2857134","Sarawak","Hann’s residence, Jalan Wong King Huo, Pekan Sibu, 96000 Sibu, Sarawak, Malaysia","ChIJ_aU5a_V_9zERCNbIwWVFLY0","FLŌS Patisserie et Cafe (Sarawak)","","","","","",""
"Not Specified","null","store","point of interest","food","establishment","","","","","103.7965214","null","4.4","null","FURIKU @ AEON TEBRAU","OPERATIONAL","hash_FURIKU @ AEON TEBRAU (Johor)","null","null","null","75","1.5498153","Johor","S141, 2nd Floor, Aeon Tebrau City Shopping Centre, 1, Persiaran Desa Tebrau, Taman Desa Tebrau, 81100 Johor Bahru, Johor, Malaysia","ChIJQ0LXBABt2jERkn_GgC5WlzU","FURIKU @ AEON TEBRAU (Johor)","","","","","",""
"Not Specified","null","cafe","store","point of interest","food","establishment","","","","110.3580097","null","4.9","null","Flat_kch","OPERATIONAL","hash_Flat_kch (Sarawak)","null","null","null","37","1.5537148","Sarawak","230, Jln Padungan, road, 93100 Kuching, Sarawak, Malaysia","ChIJP39uJI2n-zEREvewlYYmrek","Flat_kch (Sarawak)","","","","","",""
"Not Specified","null","cafe","food","point of interest","store","establishment","","","","101.9106461","null","4.6","null","Fuwa Souffle Pancake and Coffee Bar","OPERATIONAL","hash_Fuwa Souffle Pancake and Coffee Bar (Negeri Sembilan)","null","null","null","76","2.6955871","Negeri Sembilan","292 (First Floor, Uptown Avenue S2, Jalan S2 B13S, Seremban 2, 70300 Seremban, Negeri Sembilan, Malaysia","ChIJXRaIr-znzTERvfzUZ0Ha_V0","Fuwa Souffle Pancake and Coffee Bar (Negeri Sembilan)","","","","","",""
"Not Specified","null","cafe","food","point of interest","store","establishment","","","","101.7077492","null","5","null","GLORIA JEAN'S COFFEE KKM","OPERATIONAL","hash_GLORIA JEAN'S COFFEE KKM (Putrajaya)","null","null","null","84","2.9423121","Putrajaya","Kompleks E, Persiaran Sultan Salahuddin Abdul Aziz Shah, Presint 1, 62000 Putrajaya, Wilayah Persekutuan Putrajaya, Malaysia","ChIJZfaOa8vJzTERtWG4qW20Ypo","GLORIA JEAN'S COFFEE KKM (Putrajaya)","","","","","",""
"Not Specified","null","restaurant","cafe","food","point of interest","store","establishment","","","101.7202323","null","4.6","null","GULP Cafe (IOI Conezion)","OPERATIONAL","hash_GULP Cafe (IOI Conezion) (Putrajaya)","null","null","null","66","2.9651844","Putrajaya","City, L-G-06, Ground Floor, Conezion Commercial, Persiaran IRC 3, Ioi Resort, 62502 Wilayah Persekutuan, Putrajaya, Malaysia","ChIJxRHFFj7LzTERDkDggoHFXZk","GULP Cafe (IOI Conezion) (Putrajaya)","","","","","",""
"Not Specified","null","cafe","store","point of interest","food","establishment","","","","110.3531149","null","4.1","null","Gather 聚茶","OPERATIONAL","hash_Gather 聚茶 (Sarawak)","null","null","null","38","1.5117184","Sarawak","Unit 109, 2nd Floor, Gala City, Jalan Tun Jugah, Taman Daya, 93350 Kuching, Sarawak, Malaysia","ChIJL0q-vlin-zER29E0nXaIyes","Gather 聚茶 (Sarawak)","","","","","",""
"Not Specified","null","cafe","store","food","point of interest","establishment","","","","103.2767928","null","4.5","null","Gigi Coffee Indera Mahkota Kuantan","OPERATIONAL","hash_Gigi Coffee Indera Mahkota Kuantan (Pahang)","null","null","null","44","3.818264","Pahang","No 33, Lorong IM 3/19, Bandar Indera Mahkota, 25200 Kuantan, Pahang, Malaysia","ChIJq9TnCf67yDEReLoaooXgoAE","Gigi Coffee Indera Mahkota Kuantan (Pahang)","","","","","",""
"Not Specified","null","cafe","food","point of interest","store","establishment","","","","103.1350833","null","4.6","null","Goodman Coffee","OPERATIONAL","hash_Goodman Coffee (Terengganu)","null","null","null","139","5.3344095","Terengganu","11, Jalan Banggol, 20100 Kuala Terengganu, Terengganu, Malaysia","ChIJFZusxpW_tzERYPDuiFgD61Y","Goodman Coffee (Terengganu)","","","","","",""
"Not Specified","null","cafe","store","point of interest","food","establishment","","","","103.7819806","null","4.6","null","Grind.jb","OPERATIONAL","hash_Grindjb (Johor)","null","null","null","207","1.4940076","Johor","222, Jalan Sutera, Taman Sentosa, 80150 Johor Bahru, Johor Darul Ta'zim, Malaysia","ChIJc4_R-6Nt2jERTLJ7Y-DHMDs","Grindjb (Johor)","","","","","",""
"Not Specified","null","cafe","store","food","point of interest","establishment","","","","102.2307936","null","4.3","null","Grounded 22","OPERATIONAL","hash_Grounded 22 (Malacca)","null","null","null","367","2.2003754","Malacca","22A, Jalan KLJ 10, Taman Kota Laksamana, 75200 Melaka, Malaysia","ChIJRzDrYxXx0TERV8vbYLippq4","Grounded 22 (Malacca)","","","","","",""
"Not Specified","null","cafe","bakery","food","point of interest","store","establishment","","","100.4951309","null","4.6","null","HANAZAWA Cafe","OPERATIONAL","hash_HANAZAWA Cafe (Kedah)","null","null","null","135","5.6465223","Kedah","171, Jalan Badlishah, 08000 Sungai Petani, Kedah, Malaysia","ChIJOfFh-GYpSzARjwqYdyjX80U","HANAZAWA Cafe (Kedah)","","","","","",""
"Not Specified","null","cafe","food","point of interest","store","establishment","","","","101.6372732","null","3.6","null","HEJAU The Gasket Alley","OPERATIONAL","hash_HEJAU The Gasket Alley (Selangor)","null","null","null","144","3.1180657","Selangor","The Gasket Alley, Unit 15-10, Lot 15, Jln 13/6, Seksyen 13, 46200 Petaling Jaya, Selangor, Malaysia","ChIJ_4GSL2FJzDER5ML6DZv4HI0","HEJAU The Gasket Alley (Selangor)","","","","","",""
"Not Specified","null","cafe","food","point of interest","establishment","","","","","101.7146924","null","4.3","null","HWC Coffee - IOI City Mall","OPERATIONAL","hash_HWC Coffee - IOI City Mall (Putrajaya)","2","null","null","80","2.9704725","Putrajaya","F-K18, 1st Floor, IOI City Mall, Ioi Resort, 62502 Putrajaya, Selangor, Malaysia","ChIJezs392zLzTER8ZT6TD9Du2U","HWC Coffee - IOI City Mall (Putrajaya)","","","","","",""
"Not Specified","null","cafe","food","point of interest","establishment","","","","","101.9194156","null","4.7","null","HWC Coffee - Seremban Gateway","OPERATIONAL","hash_HWC Coffee - Seremban Gateway (Negeri Sembilan)","2","null","null","66","2.716525","Negeri Sembilan","Lot 21, Level 1, Seremban Gateway.8-L1 Gerbang Seremban, Off, Jalan Sungai Ujong, 70200 Seremban, Negeri Sembilan, Malaysia","ChIJoYHVTwPnzTERvAcbQEdOWQo","HWC Coffee - Seremban Gateway (Negeri Sembilan)","","","","","",""
"Not Specified","null","cafe","food","point of interest","establishment","","","","","100.3350409","null","4.6","null","Hanakoya Flower Café Penang","OPERATIONAL","hash_Hanakoya Flower Café Penang (Penang)","2","null","null","549","5.420122","Penang","83 Lebuh Muntri Georgetown, 10200 Geortown, Pulau Pinang, Malaysia","ChIJTRZDdIDDSjARL4eZvup2TG8","Hanakoya Flower Café Penang (Penang)","","","","","",""
"Not Specified","null","cafe","food","point of interest","establishment","","","","","100.1886657","null","4.5","null","Harmonys Cafe Perlis","OPERATIONAL","hash_Harmonys Cafe Perlis (Perlis)","null","null","null","156","6.436831","Perlis","9, Lorong Tiga, Pusat Perniagaan Pengkalan Jaya, 01000 Kangar, Perlis, Malaysia","ChIJZ50a7ryZTDAR06lePH8I8Kc","Harmonys Cafe Perlis (Perlis)","","","","","",""
"Not Specified","null","cafe","food","point of interest","establishment","","","","","116.0928951","null","4.4","null","Haru Cafe (Hilltop Branch)","OPERATIONAL","hash_Haru Cafe (Hilltop Branch) (Sabah)","2","null","null","523","5.949406499999999","Sabah","7, Lorong Gunung Juo, Taman Far East, 88300 Kota Kinabalu, Sabah, Malaysia","ChIJ288XXf5oOzIRIi7kHa801Hg","Haru Cafe (Hilltop Branch) (Sabah)","","","","","",""
"Not Specified","null","cafe","food","point of interest","establishment","","","","","116.0785298","null","4.5","null","Haru Cafe (Taman Cantek Branch)","OPERATIONAL","hash_Haru Cafe (Taman Cantek Branch) (Sabah)","2","null","null","293","5.9410497","Sabah","3, Jln Lintas, Taman Cantek, 88200 Kota Kinabalu, Sabah, Malaysia","ChIJXyikN3NpOzIR_R6OVoupmFM","Haru Cafe (Taman Cantek Branch) (Sabah)","","","","","",""
"Not Specified","null","cafe","food","point of interest","store","establishment","","","","102.3682739","null","4.4","null","Hattori Coffee","OPERATIONAL","hash_Hattori Coffee (Kelantan)","null","null","null","809","6.132056","Kelantan","Hattori Coffee, Pantai Kemayang, 16020 Bachok, Kelantan, Malaysia","ChIJJ2R5NxC3tjERUixuDPf2oG8","Hattori Coffee (Kelantan)","","","","","",""
"Not Specified","null","cafe","food","point of interest","store","establishment","","","","100.5069455","null","4.8","null","Hazelatte Coffee Studio","OPERATIONAL","hash_Hazelatte Coffee Studio (Kedah)","null","null","null","76","5.6627554","Kedah","Kiosk 4, Medan Selera, Jalan Ria, Taman Ria, 08000 Sungai Petani, Kedah, Malaysia","ChIJPQCZY1wpSzARHJxMZR7yh4I","Hazelatte Coffee Studio (Kedah)","","","","","",""
"Not Specified","null","cafe","store","point of interest","food","establishment","","","","103.6372781","null","4.5","null","He & She Coffee UTM JOHOR","OPERATIONAL","hash_He & She Coffee UTM JOHOR (Johor)","null","null","null","30","1.5598017","Johor","Sultanah Zanariah Library, 80990 Johor Bahru, Johor, Malaysia","ChIJc4_Pqahx2jERabkqks08M5M","He & She Coffee UTM JOHOR (Johor)","","","","","",""
"Not Specified","null","cafe","restaurant","point of interest","food","establishment","","","","110.3586686","null","4.7","null","Healers' Cafe Saradise","OPERATIONAL","hash_Healers' Cafe Saradise (Sarawak)","null","null","null","152","1.5048108","Sarawak","SL34, Jalan Stutong, 93350 Kuching, Sarawak, Malaysia","ChIJA0UmHgSn-zER8G1LTke_CJ8","Healers' Cafe Saradise (Sarawak)","","","","","",""
"Not Specified","null","cafe","store","restaurant","food","point of interest","establishment","","","102.235614","null","4.3","null","Hey Cafe","OPERATIONAL","hash_Hey Cafe (Malacca)","2","null","null","210","2.1957726","Malacca","18, Jalan Kota Laksamana 3/14, Taman Kota Laksamana, 75200 Melaka, Malaysia","ChIJkTUD7Ufx0TER9US2rKZjTTE","Hey Cafe (Malacca)","","","","","",""
"Not Specified","null","cafe","food","point of interest","store","establishment","","","","103.1340413","null","4.6","null","Hidden cafe @ suite18hiddencafe","OPERATIONAL","hash_Hidden cafe @ suite18hiddencafe (Terengganu)","2","null","null","497","5.334834499999999","Terengganu","67, Jalan Kampung Cina, Kampung Banggul, 20100 Kuala Terengganu, Terengganu, Malaysia","ChIJCbl9ZTC_tzERXQDSmLx2Ibk","Hidden cafe @ suite18hiddencafe (Terengganu)","","","","","",""
"Not Specified","null","cafe","store","food","point of interest","establishment","","","","102.4194684","null","4.6","null","Hikoicha","OPERATIONAL","hash_Hikoicha (Pahang)","null","null","null","7","3.4513067","Pahang","Taman Kenangan, 28000 Temerloh, Pahang, Malaysia","ChIJt9axEe25zjERWcX2b05k5P4","Hikoicha (Pahang)","","","","","",""
"Not Specified","null","cafe","food","point of interest","store","establishment","","","","101.9833217","null","4.3","null","Hovin Coffee & Bakers","OPERATIONAL","hash_Hovin Coffee & Bakers (Negeri Sembilan)","2","null","null","203","2.6701313","Negeri Sembilan","1345, Jalan SJ 9/1, Taman Seremban Jaya, 70450 Seremban, Negeri Sembilan, Malaysia","ChIJyY0RAoPdzTERAzI-aqw12Sk","Hovin Coffee & Bakers (Negeri Sembilan)","","","","","",""
"Not Specified","null","cafe","store","food","point of interest","establishment","","","","102.2472287","null","4.8","null","Humble Ground Cafe","OPERATIONAL","hash_Humble Ground Cafe (Malacca)","null","null","null","192","2.1949382","Malacca","24, Jalan Tun Tan Cheng Lock, 75200 Melaka, Malaysia","ChIJf7DWet3x0TERyQCvc6kNo5g","Humble Ground Cafe (Malacca)","","","","","",""
"Not Specified","null","cafe","store","food","point of interest","establishment","","","","102.2491829","null","4.9","null","Hygge","OPERATIONAL","hash_Hygge (Malacca)","null","null","null","89","2.195673","Malacca","77, Lorong Hang Jebat, 75200 Melaka, Malaysia","ChIJVXk3waXx0TERiRt-G38qXmE","Hygge (Malacca)","","","","","",""
"Not Specified","null","cafe","food","point of interest","establishment","","","","","101.6989796","null","4.6","null","IJO. Matcha Bar Heritage Valley","OPERATIONAL","hash_IJO Matcha Bar Heritage Valley (Kuala Lumpur)","null","null","null","16","3.1583219","Kuala Lumpur","Heritage Valley, 6, Jalan Medan Tuanku Utama, Chow Kit, 50050 Kuala Lumpur, Wilayah Persekutuan Kuala Lumpur, Malaysia","ChIJc8oC-alJzDERFknA4OGROmY","IJO Matcha Bar Heritage Valley (Kuala Lumpur)","","","","","",""
"Not Specified","null","cafe","food","point of interest","establishment","","","","","101.6805139","null","4.3","null","INaRA Kafe Putrajaya - Aesthetic Putrajaya Cafe","OPERATIONAL","hash_INaRA Kafe Putrajaya - Aesthetic Putrajaya Cafe (Putrajaya)","2","null","null","552","2.9253258","Putrajaya","Lot A2-1-3A, Ayer@8, Jalan P8G, Presint 8, 62250 Putrajaya, Wilayah Persekutuan Putrajaya, Malaysia","ChIJq-zmhaO3zTERaAkVIkmC9S8","INaRA Kafe Putrajaya - Aesthetic Putrajaya Cafe (Putrajaya)","","","","","",""
"Not Specified","null","restaurant","food","point of interest","establishment","","","","","101.9323538","null","3.9","null","Ichigou Canteen","OPERATIONAL","hash_Ichigou Canteen (Negeri Sembilan)","null","null","null","93","2.7317227","Negeri Sembilan","no 1 , matix court, Jalan Tan Sri Manickavasagam, Taman Saga, 70200 Seremban, Negeri Sembilan, Malaysia","ChIJP4tg93bdzTER74WAjaapBls","Ichigou Canteen (Negeri Sembilan)","","","","","",""
"Not Specified","null","cafe","point of interest","food","establishment","","","","","113.9886386","null","4.7","null","In The Mood Cafe","OPERATIONAL","hash_In The Mood Cafe (Sarawak)","null","null","null","106","4.3981407","Sarawak","Ground Floor, Lot 633, Jalan North Yu Seng, Utara, 98000 Miri, Sarawak, Malaysia","ChIJ35R1oEFPHzIRyL0f87eCFG4","In The Mood Cafe (Sarawak)","","","","","",""
"Not Specified","null","point of interest","establishment","","","","","","","103.4194795","null","5","null","It’s Matcha","OPERATIONAL","hash_It’s Matcha (Terengganu)","null","null","null","14","4.7510967","Terengganu","Jalan Kenanga, Sura Jeti, 23000 Kuala Dungun, Terengganu, Malaysia","ChIJkzlnBQQPyDERmx-bwdxvVOQ","It’s Matcha (Terengganu)","","","","","",""
"Not Specified","null","cafe","food","point of interest","establishment","","","","","115.245209","null","4.6","null","J Caleys Boulangerie","OPERATIONAL","hash_J Caleys Boulangerie (Labuan)","null","null","null","10","5.327215799999999","Labuan","Lot 45 lazenda nagalang beach residence shop office, Jalan Batu Arang, 87000 Labuan, Wilayah Persekutuan Labuan, Malaysia","ChIJDRUSB2MZIzIRekSwHKdw08Y","J Caleys Boulangerie (Labuan)","","","","","",""
"Not Specified","null","cafe","food","point of interest","store","establishment","","","","101.9422879","null","4.8","null","Jamaica Blue @ Taman Tasik Seremban","OPERATIONAL","hash_Jamaica Blue @ Taman Tasik Seremban (Negeri Sembilan)","null","null","null","208","2.7206226","Negeri Sembilan","A&W, 70000 Seremban, Negeri Sembilan, Malaysia","ChIJ5d-g9cPdzTERCZAVQwbm_nc","Jamaica Blue @ Taman Tasik Seremban (Negeri Sembilan)","","","","","",""
"Not Specified","null","cafe","food","point of interest","establishment","","","","","116.0961849","null","4.5","null","Jesselton Coffee","OPERATIONAL","hash_Jesselton Coffee (Sabah)","null","null","null","67","5.962358399999999","Sabah","S-1-34, City Mall, Lorong City Mall, Jalan Lintas, Jalan Damai, 88300 Kota Kinabalu, Sabah, Malaysia","ChIJ_UO8W0FpOzIRgFIhRTzIJIw","Jesselton Coffee (Sabah)","","","","","",""
"Not Specified","null","cafe","food","point of interest","store","establishment","","","","103.1225605","null","4.1","null","Jiwa Kopi & Bingsu Cabang Tiga","OPERATIONAL","hash_Jiwa Kopi & Bingsu Cabang Tiga (Terengganu)","2","null","null","354","5.3158071","Terengganu","449, Lorong Pasar, Kampung Hiliran, 21000 Kuala Terengganu, Terengganu, Malaysia","ChIJbRGtbWy_tzERjwo8DOwONCs","Jiwa Kopi & Bingsu Cabang Tiga (Terengganu)","","","","","",""
"Not Specified","null","cafe","food","point of interest","establishment","","","","","101.0857697","null","4.3","null","Jln Theatre Coffee","OPERATIONAL","hash_Jln Theatre Coffee (Perak)","2","null","null","552","4.593950599999999","Perak","76, Jalan Theatre, Taman Jubilee, 30300 Ipoh, Perak, Malaysia","ChIJs8VKicPtyjERrlI6CoEgZlc","Jln Theatre Coffee (Perak)","","","","","",""
"Not Specified","null","cafe","food","point of interest","establishment","","","","","100.407091","null","4.2","null","JoMI Matcha","OPERATIONAL","hash_JoMI Matcha (Penang)","null","null","null","97","5.396883900000001","Penang","3014, Jalan Kelasah Bandar Seberang Jaya, Seberang Jaya, 13700 Perai, Pulau Pinang, Malaysia","ChIJl-FYMeLFSjAR8jxoQCn3pPo","JoMI Matcha (Penang)","","","","","",""
"Not Specified","null","cafe","point of interest","food","establishment","","","","","103.7727177","null","4.7","null","KACJ COFFEE","OPERATIONAL","hash_KACJ COFFEE (Johor)","null","null","null","196","1.4832964","Johor","32, Jln Sri Pelangi 4, Taman Pelangi, 80400 Johor Bahru, Johor Darul Ta'zim, Malaysia","ChIJi7rbR0dt2jERyEt4tK-4tak","KACJ COFFEE (Johor)","","","","","",""
"Not Specified","null","cafe","food","point of interest","establishment","","","","","100.1920666","null","4.6","null","KAFE RUTIYN","OPERATIONAL","hash_KAFE RUTIYN (Perlis)","2","null","null","126","6.4352597","Perlis","NO.1D, STESEN BAS EXPRESS KANGAR, Jalan Bukit Lagi, Pusat Bandar Kangar, 01000 Kangar, Perlis, Malaysia","ChIJcwBZJCyZTDARCH3AF6aR0us","KAFE RUTIYN (Perlis)","","","","","",""
"Not Specified","null","bakery","cafe","food","point of interest","store","establishment","","","100.4190761","null","4.3","null","KEKANDA CAFE JITRA","OPERATIONAL","hash_KEKANDA CAFE JITRA (Kedah)","null","null","null","454","6.2545857","Kedah","NO 40 GROUND FLOOR SUSURAN KOMPLEKS JITRA 2, 1, KOPLEKS PERNIAGAAN, Pekan Jitra 2, 06000 Jitra, Kedah, Malaysia","ChIJE1zrRRpZSzARGNHUoEiqj8A","KEKANDA CAFE JITRA (Kedah)","","","","","",""
"Not Specified","null","cafe","point of interest","food","establishment","","","","","113.0501729","null","4.5","null","KOJO CAFE","OPERATIONAL","hash_KOJO CAFE (Sarawak)","null","null","null","68","3.193318","Sarawak","No.46,Lot 8498,Town Square Jalan Tun Ahmad Zaidi,97000 Bintulu Sarawak Ibraco, 97000 Bintulu, Sarawak, Malaysia","ChIJe0b-U87BHTIRflQTwrQD1xw","KOJO CAFE (Sarawak)","","","","","",""
"Not Specified","null","cafe","store","food","point of interest","establishment","","","","115.2287117","null","4.5","null","KUPIJUI COFFEE SHOP","OPERATIONAL","hash_KUPIJUI COFFEE SHOP (Labuan)","null","null","null","2","5.363924700000001","Labuan","Lot 36, 700, Kampung Ganggarak, 87000 Labuan, Labuan Federal Territory, Malaysia","ChIJf9qWlKwZIzIRRd4mVX8DhDU","KUPIJUI COFFEE SHOP (Labuan)","","","","","",""
"Not Specified","null","book store","cafe","restaurant","food","point of interest","store","establishment","","100.37001","null","4.1","null","Kafe Moara","OPERATIONAL","hash_Kafe Moara (Kedah)","null","null","null","242","6.1305024","Kedah","2176 G, Taman Tunku Habsah, Jalan Kanchut, 05150 Alor Setar, Kedah, Malaysia","ChIJId1cGkpFSzARnYp5baBO3Q0","Kafe Moara (Kedah)","","","","","",""
"Not Specified","null","cafe","food","point of interest","establishment","","","","","100.1829706","null","4.3","null","Kafe Tenang","OPERATIONAL","hash_Kafe Tenang (Perlis)","null","null","null","104","6.4123698","Perlis","Taman Pertiwi, 49, Jalan Kangar - Alor Setar, Kampung Seriap, 01000 Kangar, Perlis, Malaysia","ChIJGbArd0ybTDARlnDYNEUBFjo","Kafe Tenang (Perlis)","","","","","",""
"Not Specified","null","cafe","food","point of interest","store","establishment","","","","102.2377003","null","4.8","null","Kafe The Layers S.U.K","OPERATIONAL","hash_Kafe The Layers SUK (Kelantan)","null","null","null","491","6.1119606","Kelantan","3512-H, Jln Sultanah Zainab, Taman Patehjai, 15000 Kota Bharu, Kelantan, Malaysia","ChIJDwwCu1CvtjER_SX7KjvHZMM","Kafe The Layers SUK (Kelantan)","","","","","",""
"Not Specified","null","cafe","food","point of interest","store","establishment","","","","103.1347692","null","4.8","null","Kee Nguyễn Heritage - Terengganu","OPERATIONAL","hash_Kee Nguyễn Heritage - Terengganu (Terengganu)","null","null","null","73","5.334905","Terengganu","37, Jalan Bandar, Kampung Banggul, 20100 Kuala Terengganu, Terengganu, Malaysia","ChIJhcAcyfu_tzERYDSB2nn3ajs","Kee Nguyễn Heritage - Terengganu (Terengganu)","","","","","",""
"Not Specified","null","cafe","point of interest","food","establishment","","","","","103.7600217","null","4.2","null","Keijometo","OPERATIONAL","hash_Keijometo (Johor)","2","null","null","1246","1.4926051","Johor","3, Jln Chengai, Taman Melodies, 80250 Johor Bahru, Johor Darul Ta'zim, Malaysia","ChIJlTyi0aFt2jERYlE5nICmZEc","Keijometo (Johor)","","","","","",""
"Not Specified","null","cafe","food","point of interest","establishment","","","","","100.5097382","null","4.4","null","Khalzara Cafe","OPERATIONAL","hash_Khalzara Cafe (Kedah)","null","null","null","93","5.6695572","Kedah","no 76, Jalan Cempaka 1, Bandar Amanjaya, 08000 Sungai Petani, Kedah, Malaysia","ChIJv55QvrwpSzARjn4-AcxCXmU","Khalzara Cafe (Kedah)","","","","","",""
"Not Specified","null","cafe","food","point of interest","establishment","","","","","102.2308533","null","4.2","null","Kin by The Daily Fix","OPERATIONAL","hash_Kin by The Daily Fix (Malacca)","null","null","null","285","2.1994229","Malacca","Jaya, 1, Jln KLJ 9, Taman Kota Laksamana, 75200 Melaka, Malaysia","ChIJVf0nkyjx0TER8rJEehrd9xw","Kin by The Daily Fix (Malacca)","","","","","",""
"Not Specified","null","cafe","food","point of interest","store","establishment","","","","103.1344753","null","4.8","null","Knock Knock TRG","OPERATIONAL","hash_Knock Knock TRG (Terengganu)","null","null","null","85","5.3346347","Terengganu","50, JALAN BANDAR, Kampung Banggul, 20100 Kuala Terengganu, Terengganu, Malaysia","ChIJXQBXA6K_tzERBe2NtuTl40A","Knock Knock TRG (Terengganu)","","","","","",""
"Not Specified","null","cafe","store","food","point of interest","establishment","","","","102.2315951","null","4.7","null","Ko-hee Coffee","OPERATIONAL","hash_Ko-hee Coffee (Malacca)","null","null","null","77","2.1968797","Malacca","Kompleks Perniagaan, 42, Jalan KPKS 3, Kota Syahbandar, 75250 Melaka, Malaysia","ChIJf4pHSy_x0TER9IlbQygsG_8","Ko-hee Coffee (Malacca)","","","","","",""
"Not Specified","null","cafe","food","point of interest","establishment","","","","","102.2270154","null","4.3","null","Kofee Brew Cafe","OPERATIONAL","hash_Kofee Brew Cafe (Kelantan)","2","null","null","275","6.083968","Kelantan","Lot 2196-B, Kampung Kota, Jalan Masjid, 15100 Kota Bharu, Kelantan, Malaysia","ChIJBbr9yZultjERQ-5v-1fjbcc","Kofee Brew Cafe (Kelantan)","","","","","",""
"Not Specified","null","cafe","store","food","point of interest","establishment","","","","100.1790798","null","5","null","Kopi Dua Darjat Kangar Jaya, Perlis","OPERATIONAL","hash_Kopi Dua Darjat Kangar Jaya, Perlis (Perlis)","null","null","null","26","6.4078494","Perlis","Jalan Kangar Jaya 7, Kangar Jaya, 01000 Kangar, Perlis, Malaysia","ChIJaVLCzpKZTDARHPkMmUZ_CLI","Kopi Dua Darjat Kangar Jaya, Perlis (Perlis)","","","","","",""
"Not Specified","null","cafe","food","point of interest","establishment","","","","","100.4060444","null","4.7","null","Kopi Kafe","OPERATIONAL","hash_Kopi Kafe (Kedah)","null","null","null","187","6.151215199999999","Kedah","175, 256, Hutan Kampung, 05460 Alor Setar, Kedah, Malaysia","ChIJ3Vm06PlbSzARPKUnuvFt8VE","Kopi Kafe (Kedah)","","","","","",""
"Not Specified","null","cafe","food","point of interest","store","establishment","","","","101.6802259","null","3.4","null","Kopi Mesin Putrajaya","OPERATIONAL","hash_Kopi Mesin Putrajaya (Putrajaya)","null","null","null","113","2.9253753","Putrajaya","A2-G-2 AYER@8 COMPLEX, Presint 8, 62250 Putrajaya, Wilayah Persekutuan Putrajaya, Malaysia","ChIJuwOmduq3zTERJKwxoxtlfSM","Kopi Mesin Putrajaya (Putrajaya)","","","","","",""
"Not Specified","null","cafe","food","point of interest","establishment","","","","","100.7521264","null","4.3","null","Kopi Satu Satu Sembilan & Titik Santap","OPERATIONAL","hash_Kopi Satu Satu Sembilan & Titik Santap (Perak)","null","null","null","293","4.8437892","Perak","119, Jalan Sultan Idris, Taman Tupai Mas, 34000 Taiping, Perak, Malaysia","ChIJ16CzjkOvyjERoRLvB70EjuQ","Kopi Satu Satu Sembilan & Titik Santap (Perak)","","","","","",""
"Not Specified","null","cafe","food","point of interest","store","establishment","","","","101.6222175","null","4.7","null","Kora Kora Matcha","OPERATIONAL","hash_Kora Kora Matcha (Kuala Lumpur)","null","null","null","63","3.1533123","Kuala Lumpur","Level 1, 153, Jln Aminuddin Baki, Taman Tun Dr Ismail, 60000 Kuala Lumpur, Federal Territory of Kuala Lumpur, Malaysia","ChIJdZHuCABJzDER8kfTj3fWljk","Kora Kora Matcha (Kuala Lumpur)","","","","","",""
"Not Specified","null","cafe","food","point of interest","store","establishment","","","","101.6222175","null","4.7","null","Kora Kora Matcha","OPERATIONAL","hash_Kora Kora Matcha (Selangor)","null","null","null","63","3.1533123","Selangor","Level 1, 153, Jln Aminuddin Baki, Taman Tun Dr Ismail, 60000 Kuala Lumpur, Federal Territory of Kuala Lumpur, Malaysia","ChIJdZHuCABJzDER8kfTj3fWljk","Kora Kora Matcha (Selangor)","","","","","",""
"Not Specified","null","cafe","store","point of interest","food","establishment","","","","110.3585846","null","4.2","null","Kosa Coffee Saradise","OPERATIONAL","hash_Kosa Coffee Saradise (Sarawak)","2","null","null","575","1.5052703","Sarawak","Lot 6, Block B1 at Saradise, Jalan Stutong, Taman Bdc, 93350 Kuching, Sarawak, Malaysia","ChIJC3hvgu-n-zER057M_g6X6pc","Kosa Coffee Saradise (Sarawak)","","","","","",""
"Not Specified","null","cafe","store","food","point of interest","establishment","","","","103.2302337","null","null","null","Kuccaa Matcha & Coffee","OPERATIONAL","hash_Kuccaa Matcha & Coffee (Pahang)","null","null","null","null","3.7810593","Pahang","Taman Pandan Damai, 25150 Kuantan, Pahang, Malaysia","ChIJUThYdAC3yDERKIJvuZ0lnJM","Kuccaa Matcha & Coffee (Pahang)","","","","","",""
"Not Specified","null","cafe","store","food","point of interest","establishment","","","","102.3597485","null","5","null","Kuma Matcha , Matcha & Kopi Jerantut","OPERATIONAL","hash_Kuma Matcha , Matcha & Kopi Jerantut (Pahang)","null","null","null","11","3.9371549","Pahang","B3, Arked Mara, Bandar Baru, 27000 Jerantut, Pahang, Malaysia","ChIJl716mJtByTERitW9tpco9zI","Kuma Matcha , Matcha & Kopi Jerantut (Pahang)","","","","","",""
"Not Specified","null","cafe","food","point of interest","establishment","","","","","100.3862581","null","4.8","null","Kupi Nacek","OPERATIONAL","hash_Kupi Nacek (Kedah)","null","null","null","29","6.1199853","Kedah","48, Jln Datuk Kumbar, Kampung Alor Menong, 05300 Alor Setar, Kedah, Malaysia","ChIJMygg1yFFSzARHEtg34kAB9Y","Kupi Nacek (Kedah)","","","","","",""
"Not Specified","null","cafe","food","point of interest","store","establishment","","","","103.12153","null","4.6","null","Kuwa Brew","OPERATIONAL","hash_Kuwa Brew (Terengganu)","null","null","null","82","5.3155433","Terengganu","Lot 22 E, Jalan Kubang Buyong, 21000 Kuala Terengganu, Terengganu, Malaysia","ChIJXcfaq5y_tzERj73jENJhkNA","Kuwa Brew (Terengganu)","","","","","",""
"Not Specified","null","cafe","store","food","point of interest","establishment","","","","100.127553","null","4.7","null","LAMAN KOPI CAFE","OPERATIONAL","hash_LAMAN KOPI CAFE (Perlis)","null","null","null","31","6.3970819","Perlis","KIOS MASJID AL HUSSAIN, Pekan Kuala Perlis, 02000 Kuala Perlis, Perlis, Malaysia","ChIJWxzuagCbTDARzCFCzhyCTbE","LAMAN KOPI CAFE (Perlis)","","","","","",""
"Not Specified","null","cafe","bakery","store","food","point of interest","establishment","","","100.9329044","null","4.7","null","LEXZO COFFEE","OPERATIONAL","hash_LEXZO COFFEE (Perak)","null","null","null","109","4.774242399999999","Perak","7A, Jalan Tun Razak, Taman Mawar, 33000 Kuala Kangsar, Perak, Malaysia","ChIJDV89aqK9yjER3bCc3TCQh18","LEXZO COFFEE (Perak)","","","","","",""
"Not Specified","null","bicycle store","cafe","food","point of interest","store","establishment","","","101.67851","null","4","null","Lake Cabin at Pit-Stop @ Anjung Floria","OPERATIONAL","hash_Lake Cabin at Pit-Stop @ Anjung Floria (Putrajaya)","null","null","null","833","2.912578","Putrajaya","Anjung Floria, Jalan Tuanku Abdul Rahman, Presint 4, 62000 Putrajaya, Malaysia","ChIJF1q4AqO3zTERBDUmixXb6ck","Lake Cabin at Pit-Stop @ Anjung Floria (Putrajaya)","","","","","",""
"Not Specified","null","cafe","food","point of interest","store","establishment","","","","100.5162898","null","4.9","null","Libero Coffee - Pokok Sena","OPERATIONAL","hash_Libero Coffee - Pokok Sena (Kedah)","null","null","null","76","6.1678959","Kedah","No. 18, KM 19, Jalan, Taman Bandar Baru, 06400 Pokok Sena, Kedah, Malaysia","ChIJ_ebtSQBRSzARHZyQZF6FDus","Libero Coffee - Pokok Sena (Kedah)","","","","","",""
"Not Specified","null","cafe","food","point of interest","store","establishment","","","","100.4889358","null","4.1","null","Lily Coffee","OPERATIONAL","hash_Lily Coffee (Kedah)","null","null","null","36","5.6405138","Kedah","30, Jalan Ibrahim, Sungai Petani, 08000 Sungai Petani, Kedah, Malaysia","ChIJTRoo0UYpSzAR9adoaNqwNp4","Lily Coffee (Kedah)","","","","","",""
"Not Specified","null","cafe","food","point of interest","establishment","","","","","100.1939606","null","4.6","null","Lot 7 Coffee","OPERATIONAL","hash_Lot 7 Coffee (Perlis)","null","null","null","16","6.435079","Perlis","7, Lorong Meranti Paya, Jalan Bukit Lagi, 01000 Kangar, Perlis, Malaysia","ChIJ95l-VvyZTDARr1QEjv8Zi88","Lot 7 Coffee (Perlis)","","","","","",""
"Not Specified","null","cafe","food","point of interest","establishment","","","","","100.3241949","null","4.7","null","Lunabar Coffee","OPERATIONAL","hash_Lunabar Coffee (Penang)","2","null","null","426","5.4232936","Penang","10d, Jalan Clove Hall, George Town, 10050 George Town, Pulau Pinang, Malaysia","ChIJz6Ltz5vDSjAR4jDUyONrd8M","Lunabar Coffee (Penang)","","","","","",""
"Not Specified","null","cafe","food","point of interest","establishment","","","","","101.1382928","null","5","null","MATCHABEAR","OPERATIONAL","hash_MATCHABEAR (Perak)","null","null","null","13","4.330267399999999","Perak","1121, Jln Seksyen 1/2, 31900 Kampar, Perak, Malaysia","ChIJ9Y3rv57jyjERhIYxTURF5KM","MATCHABEAR (Perak)","","","","","",""
"Not Specified","null","point of interest","establishment","","","","","","","115.2464384","null","null","null","MIU CHA","OPERATIONAL","hash_MIU CHA (Labuan)","null","null","null","null","5.2783912","Labuan","LOT 34, BLOCK C, LEVEL 1, LAZENDA CENTRE, Jalan Okk Abdullah, Bandar Labuan, 87000 Labuan, Wilayah Persekutuan Labuan, Malaysia","ChIJz_pJ-b8ZIzIRgtHI7GKVi6A","MIU CHA (Labuan)","","","","","",""
"Not Specified","null","cafe","store","food","point of interest","establishment","","","","100.7454805","null","4.6","null","MONCOFF COFFEE ROASTERY","OPERATIONAL","hash_MONCOFF COFFEE ROASTERY (Perak)","null","null","null","114","4.780043699999999","Perak","Jelutong, 34850 Changkat Jering, Perak, Malaysia","ChIJ9TATxPWvyjER1nAy9731xqo","MONCOFF COFFEE ROASTERY (Perak)","","","","","",""
"Not Specified","null","cafe","restaurant","food","point of interest","establishment","","","","101.0846064","null","4.8","null","Magical Beans Cafe","OPERATIONAL","hash_Magical Beans Cafe (Perak)","null","null","null","1001","4.5952401","Perak","47, Jalan Mustapha Al-Bakri, Taman Jubilee, 30300 Ipoh, Perak, Malaysia","ChIJ6YUNwv3tyjERkLSk4ZY7tEM","Magical Beans Cafe (Perak)","","","","","",""
"Not Specified","null","cafe","food","point of interest","store","establishment","","","","116.0909727","null","4.4","null","Makarios Book Café","OPERATIONAL","hash_Makarios Book Café (Sabah)","null","null","null","77","5.961475","Sabah","Lot 20, First Floor (Corner Unit Lorong Damai Point, Jalan Damai, Luyang Commercial Centre, 88300 Kota Kinabalu, Sabah, Malaysia","ChIJs7fhiD9pOzIRLO_bPElhJ2w","Makarios Book Café (Sabah)","","","","","",""
"Not Specified","null","restaurant","food","point of interest","establishment","","","","","115.246199","null","4.1","null","Mangkuk 39","OPERATIONAL","hash_Mangkuk 39 (Labuan)","null","null","null","14","5.278334","Labuan","Lazenda Hotel, Bandar Labuan, Bandar Labuan, 87000 Labuan, Labuan Federal Territory, Malaysia","ChIJZ1iqPgAZIzIRqrkJaLkcKzI","Mangkuk 39 (Labuan)","","","","","",""
"Not Specified","null","cafe","restaurant","food","point of interest","store","establishment","","","102.0021764","null","4.3","null","Manshor Coffee","OPERATIONAL","hash_Manshor Coffee (Negeri Sembilan)","null","null","null","572","2.7122438","Negeri Sembilan","Pusat Perdagangan, 105-G, Persiaran Lavender Heights 1, Taman Lavender Heights, 70450 Seremban, Negeri Sembilan, Malaysia","ChIJb6egHqLgzTERdwLnYlfyO3A","Manshor Coffee (Negeri Sembilan)","","","","","",""
"Not Specified","null","cafe","store","food","point of interest","establishment","","","","103.3882906","null","4.5","null","Matcha And Dessert","OPERATIONAL","hash_Matcha And Dessert (Pahang)","null","null","null","38","3.4933518","Pahang","Jalan Masjid Abdullah, Kampung Pancur, 26600 Pekan, Pahang, Malaysia","ChIJkfKSGgBRzzERhxZzKoMdXNk","Matcha And Dessert (Pahang)","","","","","",""
"Not Specified","null","cafe","point of interest","food","establishment","","","","","110.3313617","null","4.8","null","Matcha Day Cafe","OPERATIONAL","hash_Matcha Day Cafe (Sarawak)","null","null","null","4","1.5457755","Sarawak","119, Jalan Pisang Barat, Sin Sin Park, 93150 Kuching, Sarawak, Malaysia","ChIJF2G5qn2n-zER6zl1xF9TRes","Matcha Day Cafe (Sarawak)","","","","","",""
"Not Specified","null","food","point of interest","store","establishment","","","","","101.7072031","null","4","null","Matcha Eight - LaLaport BBCC","OPERATIONAL","hash_Matcha Eight - LaLaport BBCC (Kuala Lumpur)","null","null","null","381","3.1402263","Kuala Lumpur","LaLaport Bukit Bintang City Centre, Lot G-68, Ground Floor, Jln Hang Tuah, Bukit Bintang, 55100 Kuala Lumpur, Federal Territory of Kuala Lumpur, Malaysia","ChIJyf777ro3zDERDS6O9X3gtu4","Matcha Eight - LaLaport BBCC (Kuala Lumpur)","","","","","",""
"Not Specified","null","food","point of interest","store","establishment","","","","","101.7189469","null","4.2","null","Matcha Eight - The Exchange TRX","OPERATIONAL","hash_Matcha Eight - The Exchange TRX (Kuala Lumpur)","null","null","null","131","3.1424793","Kuala Lumpur","L2.73.0, The Exchange TRX, Persiaran TRX, Tun Razak Exchange, 55188 Kuala Lumpur, Federal Territory of Kuala Lumpur, Malaysia","ChIJz5oz6k83zDERh3s4NH8hp4s","Matcha Eight - The Exchange TRX (Kuala Lumpur)","","","","","",""
"Not Specified","null","store","food","point of interest","establishment","","","","","101.7189469","null","4.2","null","Matcha Eight - The Exchange TRX","OPERATIONAL","hash_Matcha Eight - The Exchange TRX (Pahang)","null","null","null","131","3.1424793","Pahang","L2.73.0, The Exchange TRX, Persiaran TRX, Tun Razak Exchange, 55188 Kuala Lumpur, Federal Territory of Kuala Lumpur, Malaysia","ChIJz5oz6k83zDERh3s4NH8hp4s","Matcha Eight - The Exchange TRX (Pahang)","","","","","",""
"Not Specified","null","food","point of interest","store","establishment","","","","","101.7189469","null","4.2","null","Matcha Eight - The Exchange TRX","OPERATIONAL","hash_Matcha Eight - The Exchange TRX (Selangor)","null","null","null","131","3.1424793","Selangor","L2.73.0, The Exchange TRX, Persiaran TRX, Tun Razak Exchange, 55188 Kuala Lumpur, Federal Territory of Kuala Lumpur, Malaysia","ChIJz5oz6k83zDERh3s4NH8hp4s","Matcha Eight - The Exchange TRX (Selangor)","","","","","",""
"Not Specified","null","food","point of interest","establishment","","","","","","101.7117547","null","4.3","null","Matcha Hero @ Lot 10","OPERATIONAL","hash_Matcha Hero @ Lot 10 (Kuala Lumpur)","null","null","null","39","3.1465775","Kuala Lumpur","Lot 10, Bukit Bintang, 55100 Kuala Lumpur, Federal Territory of Kuala Lumpur, Malaysia","ChIJNVKqp1g3zDER0IwNegFsnf8","Matcha Hero @ Lot 10 (Kuala Lumpur)","","","","","",""
"Not Specified","null","food","point of interest","establishment","","","","","","101.7117547","null","4.3","null","Matcha Hero @ Lot 10","OPERATIONAL","hash_Matcha Hero @ Lot 10 (Selangor)","null","null","null","39","3.1465775","Selangor","Lot 10, Bukit Bintang, 55100 Kuala Lumpur, Federal Territory of Kuala Lumpur, Malaysia","ChIJNVKqp1g3zDER0IwNegFsnf8","Matcha Hero @ Lot 10 (Selangor)","","","","","",""
"Not Specified","null","cafe","food","point of interest","establishment","","","","","101.7145329","null","4.5","null","Matcha Hero Kyoto @ Pavilion Kuala Lumpur","OPERATIONAL","hash_Matcha Hero Kyoto @ Pavilion Kuala Lumpur (Kuala Lumpur)","null","null","null","200","3.1486783","Kuala Lumpur","Lot P6 . 16 . 00, 168, Jln Bukit Bintang, Bukit Bintang, 55100 Kuala Lumpur, Federal Territory of Kuala Lumpur, Malaysia","ChIJVYBTjyw2zDERcn78TDCU9b8","Matcha Hero Kyoto @ Pavilion Kuala Lumpur (Kuala Lumpur)","","","","","",""
"Not Specified","null","cafe","food","point of interest","establishment","","","","","101.7145329","null","4.5","null","Matcha Hero Kyoto @ Pavilion Kuala Lumpur","OPERATIONAL","hash_Matcha Hero Kyoto @ Pavilion Kuala Lumpur (Pahang)","null","null","null","200","3.1486783","Pahang","Lot P6 . 16 . 00, 168, Jln Bukit Bintang, Bukit Bintang, 55100 Kuala Lumpur, Federal Territory of Kuala Lumpur, Malaysia","ChIJVYBTjyw2zDERcn78TDCU9b8","Matcha Hero Kyoto @ Pavilion Kuala Lumpur (Pahang)","","","","","",""
"Not Specified","null","cafe","food","point of interest","establishment","","","","","101.7145329","null","4.5","null","Matcha Hero Kyoto @ Pavilion Kuala Lumpur","OPERATIONAL","hash_Matcha Hero Kyoto @ Pavilion Kuala Lumpur (Selangor)","null","null","null","200","3.1486783","Selangor","Lot P6 . 16 . 00, 168, Jln Bukit Bintang, Bukit Bintang, 55100 Kuala Lumpur, Federal Territory of Kuala Lumpur, Malaysia","ChIJVYBTjyw2zDERcn78TDCU9b8","Matcha Hero Kyoto @ Pavilion Kuala Lumpur (Selangor)","","","","","",""
"Not Specified","null","point of interest","establishment","","","","","","","103.7632331","null","5","null","Matcha Lab @ Avery KSL","OPERATIONAL","hash_Matcha Lab @ Avery KSL (Johor)","null","null","null","1","1.4858331","Johor","2, Jalan Rusa 6, Taman Century, 80250 Johor Bahru, Johor Darul Ta'zim, Malaysia","ChIJ1Qsjut5t2jERoipOIuL7fXY","Matcha Lab @ Avery KSL (Johor)","","","","","",""
"Not Specified","null","point of interest","establishment","","","","","","","103.7563241","null","5","null","Matcha Lalu","OPERATIONAL","hash_Matcha Lalu (Johor)","null","null","null","3","1.4629721","Johor","Jalan Ayer Molek, Bandar Johor Bahru, 80000 Johor Bahru, Johor Darul Ta'zim, Malaysia","ChIJzVZFDQAT2jERToW2Jde3CyI","Matcha Lalu (Johor)","","","","","",""
"Not Specified","null","cafe","food","point of interest","store","establishment","","","","116.0775019","null","4.6","null","Matcha Studio Gaya Street","OPERATIONAL","hash_Matcha Studio Gaya Street (Sabah)","null","null","null","60","5.984732699999999","Sabah","No 76, Ground Floor, 76, Jalan Gaya, Pusat Bandar Kota Kinabalu, 88000 Kota Kinabalu, Sabah, Malaysia","ChIJu9d6WwBpOzIRruFwg8ptxr0","Matcha Studio Gaya Street (Sabah)","","","","","",""
"Not Specified","null","cafe","food","point of interest","store","establishment","","","","116.0657609","null","4.8","null","Matcha Studio Sutera Avenue","OPERATIONAL","hash_Matcha Studio Sutera Avenue (Sabah)","null","null","null","244","5.9669895","Sabah","Unit No. B-1-05, Block B, Sutera Avenue, 88100 Kota Kinabalu, Sabah, Malaysia","ChIJs2JTWuBpOzIROAYvFvgkECE","Matcha Studio Sutera Avenue (Sabah)","","","","","",""
"Not Specified","null","cafe","food","point of interest","store","establishment","","","","103.1427213","null","null","null","Matcha and Coffee","OPERATIONAL","hash_Matcha and Coffee (Terengganu)","null","null","null","null","5.3319965","Terengganu","Jalan Sultan Sulaiman, Kampung Kolam, 20000 Kuala Terengganu, Terengganu, Malaysia","ChIJWUrsPAC_tzERhjxRoN-clN0","Matcha and Coffee (Terengganu)","","","","","",""
"Not Specified","null","cafe","food","point of interest","store","establishment","","","","102.2819065","null","5","null","Matcha! Bae HUSM","OPERATIONAL","hash_Matcha! Bae HUSM (Kelantan)","null","null","null","1","6.0992038","Kelantan","Jln Raja Perempuan Zainab II, Kubang Kerian, 16150 Kota Bharu, Kelantan, Malaysia","ChIJK38yRgCxtjERgeGhAc_WFdQ","Matcha! Bae HUSM (Kelantan)","","","","","",""
"Not Specified","null","point of interest","establishment","","","","","","","102.2459843","null","5","null","Matcha! Bae KOTA BHARU","OPERATIONAL","hash_Matcha! Bae KOTA BHARU (Kelantan)","null","null","null","3","6.121156800000001","Kelantan","Depan koperasi maik berhad, Jalan Dusun 3, Bandar Kota Bharu, 15200 Kota Bharu, Kelantan, Malaysia","ChIJfdnRVGWvtjERHUry8-fgrIE","Matcha! Bae KOTA BHARU (Kelantan)","","","","","",""
"Not Specified","null","cafe","food","point of interest","establishment","","","","","100.3289422","null","5","null","Matchario","OPERATIONAL","hash_Matchario (Penang)","null","null","null","2","5.4128897","Penang","179, Lebuh Noordin, George Town, 10300 George Town, Pulau Pinang, Malaysia","ChIJtcE8dJDDSjAR09FGF9gOF3g","Matchario (Penang)","","","","","",""
"Not Specified","null","cafe","store","food","point of interest","establishment","","","","100.3304228","null","4.4","null","Matcho Cafe","OPERATIONAL","hash_Matcho Cafe (Penang)","2","null","null","366","5.4122935","Penang","99B, Lebuh Noordin, George Town, 10300 George Town, Pulau Pinang, Malaysia","ChIJs4VZ_JTDSjARsJ0Q7w9uZ_o","Matcho Cafe (Penang)","","","","","",""
"Not Specified","null","cafe","food","point of interest","establishment","","","","","103.3292322","null","4.2","null","Micasa Café by the River","OPERATIONAL","hash_Micasa Café by the River (Pahang)","2","null","null","978","3.8055261","Pahang","c/o, Mega View Hotel, Lot 567, Jalan Besar, 25000 Kuantan, Pahang, Malaysia","ChIJwUMEG5y6yDERKYI8zDIaN4U","Micasa Café by the River (Pahang)","","","","","",""
"Not Specified","null","point of interest","establishment","","","","","","","101.4465841","null","4.2","null","Midoree Matcha","OPERATIONAL","hash_Midoree Matcha (Selangor)","null","null","null","112","2.9948887","Selangor","66-1, Jalan Mahogani 1, Bandar Botanik, 41200 Klang, Selangor, Malaysia","ChIJdQ0lu-6tzTERhYKKrGmAr_8","Midoree Matcha (Selangor)","","","","","",""
"Not Specified","null","cafe","food","point of interest","store","establishment","","","","101.7524173","null","4.9","null","Min Coffee Bangi","OPERATIONAL","hash_Min Coffee Bangi (Putrajaya)","null","null","null","713","2.9615002","Putrajaya","12, Jalan Medan PB2A, Seksyen 9, 43650 Bandar Baru Bangi, Selangor, Malaysia","ChIJFzIb5vHLzTER8bzoobI0-Kg","Min Coffee Bangi (Putrajaya)","","","","","",""
"Not Specified","null","cafe","food","point of interest","store","establishment","","","","101.7131566","null","4.8","null","Min Coffee Putrajaya","OPERATIONAL","hash_Min Coffee Putrajaya (Putrajaya)","null","null","null","1178","2.9381363","Putrajaya","LG-03 Shaftsbury, 62250 Putrajaya, Wilayah Persekutuan Putrajaya, Malaysia","ChIJoeCf8ZrJzTER9w2NrYsP5Ks","Min Coffee Putrajaya (Putrajaya)","","","","","",""
"Not Specified","null","cafe","food","point of interest","establishment","","","","","115.243856","null","4.7","null","Mito Coffee","OPERATIONAL","hash_Mito Coffee (Labuan)","null","null","null","24","5.2811393","Labuan","Paragon Labuan, G29, 700, Bandar Labuan, 87008 Labuan, Labuan Federal Territory, Malaysia","ChIJ3wnkbqIZIzIRsUonCQkXYuU","Mito Coffee (Labuan)","","","","","",""
"Not Specified","null","food","point of interest","store","establishment","","","","","116.0805731","null","4.8","null","Mitoya Gelato & Tea House","OPERATIONAL","hash_Mitoya Gelato & Tea House (Sabah)","null","null","null","471","5.9911363","Sabah","G-05, Ground Floor, JQ Central, Coastal Highway, Off, Jln Tun Fuad Stephens, Pusat Bandar Kota Kinabalu, 88400 Kota Kinabalu, Sabah, Malaysia","ChIJx30PYMBrOzIRIBJ07YxxUN0","Mitoya Gelato & Tea House (Sabah)","","","","","",""
"Not Specified","null","cafe","food","point of interest","establishment","","","","","101.6985584","null","4.6","null","Monster. A Garden Cafe","OPERATIONAL","hash_Monster A Garden Cafe (Kuala Lumpur)","2","null","null","1562","3.1434378","Kuala Lumpur","No. 54, 1st Floor, Jalan Sultan, City Centre, 50000 Kuala Lumpur, Wilayah Persekutuan Kuala Lumpur, Malaysia","ChIJ9xHtJIA3zDERLkzVo8PABJ4","Monster A Garden Cafe (Kuala Lumpur)","","","","","",""
"Not Specified","null","cafe","restaurant","food","point of interest","establishment","","","","101.720987","null","4.3","null","Mori Kohi - Jalan Aman (HQ)","OPERATIONAL","hash_Mori Kohi - Jalan Aman (HQ) (Kuala Lumpur)","2","null","null","880","3.1631381","Kuala Lumpur","11, Jalan Aman, Off, Jln Tun Razak, 55000 Kuala Lumpur, Wilayah Persekutuan Kuala Lumpur, Malaysia","ChIJh8H6ebo3zDER33Jiirf8uZA","Mori Kohi - Jalan Aman (HQ) (Kuala Lumpur)","","","","","",""
"Not Specified","null","cafe","food","point of interest","establishment","","","","","115.2457761","null","4","null","Mortar Cafe Lounge","OPERATIONAL","hash_Mortar Cafe Lounge (Labuan)","2","null","null","823","5.278391699999999","Labuan","Bandar Labuan, 87000 Labuan, Labuan Federal Territory, Malaysia","ChIJHyxQ-9wYIzIRRSggVygmwa8","Mortar Cafe Lounge (Labuan)","","","","","",""
"Not Specified","null","cafe","store","food","point of interest","establishment","","","","103.3290156","null","3.7","null","Muka Coffee","OPERATIONAL","hash_Muka Coffee (Pahang)","null","null","null","381","3.8062559","Pahang","37, Jalan Besar, 25000 Kuantan, Pahang, Malaysia","ChIJjXZUr7W7yDERhAkQLrBG8hc","Muka Coffee (Pahang)","","","","","",""
"Not Specified","null","cafe","food","point of interest","establishment","","","","","101.1460695","null","4.4","null","Muzi Matcha","OPERATIONAL","hash_Muzi Matcha (Perak)","null","null","null","260","4.6201294","Perak","333, Jalan Tambun, Kampung Tersusun Batu 5, 31400 Ipoh, Perak, Malaysia","ChIJSZaDl5TtyjERp2ri_yi999A","Muzi Matcha (Perak)","","","","","",""
"Not Specified","null","cafe","store","restaurant","food","point of interest","establishment","","","100.1972241","null","4.6","null","Mykori - Kangar, Perlis","OPERATIONAL","hash_Mykori - Kangar, Perlis (Perlis)","2","null","null","239","6.4228635","Perlis","26, Persiaran Putra, Taman Putra Utama, Kampung Bukit Lagi, 01000 Kangar, Perlis, Malaysia","ChIJlZP9J96ZTDARx17pcgz1KKU","Mykori - Kangar, Perlis (Perlis)","","","","","",""
"Not Specified","null","store","food","point of interest","establishment","","","","","115.2440825","null","2.9","null","Mykori Dessert Cafe Wilayah Persekutuan Labuan","OPERATIONAL","hash_Mykori Dessert Cafe Wilayah Persekutuan Labuan (Labuan)","2","null","null","14","5.2812879","Labuan","Bandar Labuan, 87000 Labuan, Labuan Federal Territory, Malaysia","ChIJ_wXAnI4ZIzIRKTfCtH664ys","Mykori Dessert Cafe Wilayah Persekutuan Labuan (Labuan)","","","","","",""
"Not Specified","null","cafe","food","point of interest","store","establishment","","","","102.2202318","null","4.7","null","NASKEN COFFEE Drive Thru Machang","OPERATIONAL","hash_NASKEN COFFEE Drive Thru Machang (Kelantan)","null","null","null","347","5.776161699999999","Kelantan","Pt 7086, Jalan Sri Cemerlang, Kampung Batu Dua Puloh Lima, 18500 Bandar Machang, Kelantan, Malaysia","ChIJS4XySQCbtjERM58UwF6UM64","NASKEN COFFEE Drive Thru Machang (Kelantan)","","","","","",""
"Not Specified","null","cafe","food","point of interest","store","establishment","","","","102.2405856","null","3.7","null","NASKEN COFFEE Troika","OPERATIONAL","hash_NASKEN COFFEE Troika (Kelantan)","null","null","null","350","6.120463300000001","Kelantan","1-3, Troika Avenue, Jln Mahmood, Bandar Kota Bharu, 15200 Kota Bharu, Kelantan, Malaysia","ChIJo3uhSuyvtjERaV5tm2sIJ90","NASKEN COFFEE Troika (Kelantan)","","","","","",""
"Not Specified","null","cafe","food","point of interest","store","establishment","","","","102.2636182","null","4.7","null","NGOFEE","OPERATIONAL","hash_NGOFEE (Kelantan)","null","null","null","299","6.111340999999999","Kelantan","LOT 1643, JALAN YAKOBIAH, Kampung Bayam, 15200 Kota Bahru, Kelantan, Malaysia","ChIJN5fNFrKxtjERf2O510YsbBk","NGOFEE (Kelantan)","","","","","",""
"Not Specified","null","cafe","food","point of interest","establishment","","","","","103.3010457","null","4.2","null","NH Coffee & Dessert","OPERATIONAL","hash_NH Coffee & Dessert (Pahang)","null","null","null","68","3.8336507","Pahang","A35, Jln IM 7/16, Bandar Indera Mahkota, 25200 Kuantan, Pahang, Malaysia","ChIJnSCzztO7yDERYyrxqTDrMTM","NH Coffee & Dessert (Pahang)","","","","","",""
"Not Specified","null","cafe","food","point of interest","establishment","","","","","116.0809245","null","4.9","null","Nana Dessert Cafe","OPERATIONAL","hash_Nana Dessert Cafe (Sabah)","null","null","null","505","5.990714","Sabah","1-35, First Floor, Jesselton Quay @ Gallery Shoppes, Jln Tun Fuad Stephens, Pusat Bandar Kota Kinabalu, 88400 Kota Kinabalu, Sabah, Malaysia","ChIJ7djg3j9rOzIRXDSyICjMl-U","Nana Dessert Cafe (Sabah)","","","","","",""
"Not Specified","null","cafe","bar","store","food","point of interest","establishment","","","100.3376003","null","4.5","null","Narrow Marrow","OPERATIONAL","hash_Narrow Marrow (Penang)","2","null","null","962","5.413796700000001","Penang","312, Lebuh Pantai, George Town, 10300 George Town, Pulau Pinang, Malaysia","ChIJZUde8ZPDSjARJffBWQEgmyg","Narrow Marrow (Penang)","","","","","",""
"Not Specified","null","cafe","food","point of interest","store","establishment","","","","102.2327606","null","4.2","null","Nasken Coffee Lembah Sireh","OPERATIONAL","hash_Nasken Coffee Lembah Sireh (Kelantan)","2","null","null","484","6.1127749","Kelantan","Pt 469, Lembah Sireh, 15050 Kota Bharu, Kelantan, Malaysia","ChIJNT0jx8-vtjERt5s_MMydXd0","Nasken Coffee Lembah Sireh (Kelantan)","","","","","",""
"Not Specified","null","cafe","food","point of interest","establishment","","","","","102.2605683","null","4.3","null","Nasken Coffee Pengkalan Chepa","OPERATIONAL","hash_Nasken Coffee Pengkalan Chepa (Kelantan)","2","null","null","660","6.1332325","Kelantan","1528a, Jln Tok Guru, 15400 Kota Bharu, Kelantan, Malaysia","ChIJ90YvzBmxtjERqe3yxhrBKkU","Nasken Coffee Pengkalan Chepa (Kelantan)","","","","","",""
"Not Specified","null","cafe","food","point of interest","establishment","","","","","100.4204848","null","4.4","null","Nenda Cafe","OPERATIONAL","hash_Nenda Cafe (Kedah)","2","null","null","574","6.242638599999999","Kedah","N0 57-A, Bandar Darulaman Jaya, 06000 Jitra, Kedah, Malaysia","ChIJx076j5BZSzARIZIO3Y3xXcQ","Nenda Cafe (Kedah)","","","","","",""
"Not Specified","null","cafe","food","point of interest","establishment","","","","","100.1958028","null","4.6","null","Ngopi@Kangar","OPERATIONAL","hash_Ngopi@Kangar (Perlis)","2","null","null","927","6.439215700000001","Perlis","No 24, Jalan Kapitol, Pusat Bandar Kangar, 01000 Kangar, Perlis, Malaysia","ChIJvzCMtaOZTDARLLfkpqv2uAA","Ngopi@Kangar (Perlis)","","","","","",""
"Not Specified","null","cafe","food","point of interest","establishment","","","","","116.0854975","null","4.6","null","Nigocha Matcha","OPERATIONAL","hash_Nigocha Matcha (Sabah)","null","null","null","117","5.914236799999999","Sabah","UNIT NO. 3A, 1ST FLOOR, BLOCK D, Lorong Padimas Point 2, 89500 Kota Kinabalu, Sabah, Malaysia","ChIJv9ol6ARpOzIRiAmqoKU0zcc","Nigocha Matcha (Sabah)","","","","","",""
"Not Specified","null","cafe","food","point of interest","store","establishment","","","","101.673093","null","4.7","null","Niko Neko Matcha 1.5 - Bangsar","OPERATIONAL","hash_Niko Neko Matcha 15 - Bangsar (Kuala Lumpur)","2","null","null","1731","3.131981","Kuala Lumpur","82A, Lrg Maarof, Bangsar, 59000 Kuala Lumpur, Wilayah Persekutuan Kuala Lumpur, Malaysia","ChIJSblDO79JzDERrfR8Z-jKY4o","Niko Neko Matcha 15 - Bangsar (Kuala Lumpur)","","","","","",""
"Not Specified","null","cafe","store","food","point of interest","establishment","","","","101.673093","null","4.7","null","Niko Neko Matcha 1.5 - Bangsar","OPERATIONAL","hash_Niko Neko Matcha 15 - Bangsar (Pahang)","2","null","null","1731","3.131981","Pahang","82A, Lrg Maarof, Bangsar, 59000 Kuala Lumpur, Wilayah Persekutuan Kuala Lumpur, Malaysia","ChIJSblDO79JzDERrfR8Z-jKY4o","Niko Neko Matcha 15 - Bangsar (Pahang)","","","","","",""
"Not Specified","null","cafe","food","point of interest","store","establishment","","","","101.673093","null","4.7","null","Niko Neko Matcha 1.5 - Bangsar","OPERATIONAL","hash_Niko Neko Matcha 15 - Bangsar (Selangor)","2","null","null","1731","3.131981","Selangor","82A, Lrg Maarof, Bangsar, 59000 Kuala Lumpur, Wilayah Persekutuan Kuala Lumpur, Malaysia","ChIJSblDO79JzDERrfR8Z-jKY4o","Niko Neko Matcha 15 - Bangsar (Selangor)","","","","","",""
"Not Specified","null","cafe","food","point of interest","store","establishment","","","","101.6963927","null","4.6","null","Niko Neko Matcha 2.0 - Chinatown","OPERATIONAL","hash_Niko Neko Matcha 20 - Chinatown (Kuala Lumpur)","null","null","null","2745","3.1427982","Kuala Lumpur","181, Jalan Tun H S Lee, City Centre, 50000 Kuala Lumpur, Wilayah Persekutuan Kuala Lumpur, Malaysia","ChIJP8CKAkRJzDERcH4E3VxqWCA","Niko Neko Matcha 20 - Chinatown (Kuala Lumpur)","","","","","",""
"Not Specified","null","cafe","food","point of interest","store","establishment","","","","101.6963927","null","4.6","null","Niko Neko Matcha 2.0 - Chinatown","OPERATIONAL","hash_Niko Neko Matcha 20 - Chinatown (Selangor)","null","null","null","2745","3.1427982","Selangor","181, Jalan Tun H S Lee, City Centre, 50000 Kuala Lumpur, Wilayah Persekutuan Kuala Lumpur, Malaysia","ChIJP8CKAkRJzDERcH4E3VxqWCA","Niko Neko Matcha 20 - Chinatown (Selangor)","","","","","",""
"Not Specified","null","cafe","restaurant","point of interest","food","establishment","","","","103.7660516","null","4.5","null","Nimmies Pastry Cafe","OPERATIONAL","hash_Nimmies Pastry Cafe (Johor)","2","null","null","7358","1.4904425","Johor","171, Jln Beringin, Taman Melodies, 80250 Johor Bahru, Johor Darul Ta'zim, Malaysia","ChIJJ24bHm5t2jERGg6dlG1GERQ","Nimmies Pastry Cafe (Johor)","","","","","",""
"Not Specified","null","cafe","food","point of interest","establishment","","","","","100.342897","null","4.4","null","Norm Micro Roastery","OPERATIONAL","hash_Norm Micro Roastery (Penang)","2","null","null","2112","5.4168813","Penang","13, Gat Lebuh Gereja, George Town, 10300 George Town, Pulau Pinang, Malaysia","ChIJmYqrbZvDSjARdBL88ik1pxQ","Norm Micro Roastery (Penang)","","","","","",""
"Not Specified","null","cafe","food","point of interest","store","establishment","","","","103.1461612","null","4.7","null","Nymph Coffee","OPERATIONAL","hash_Nymph Coffee (Terengganu)","null","null","null","63","5.3348286","Terengganu","Lot 3584, Jalan Sultan Zainal Abidin, Kampung Tanjung Paya, 20000 Kuala Terengganu, Terengganu, Malaysia","ChIJx86T4G2_tzERO-pponNv1xg","Nymph Coffee (Terengganu)","","","","","",""
"Not Specified","null","cafe","store","point of interest","food","establishment","","","","110.3549058","null","4.4","null","ODA Café Kuching","OPERATIONAL","hash_ODA Café Kuching (Sarawak)","null","null","null","28","1.5148874","Sarawak","Ground Floor, Premier 101 Commercial Centre, 53, Jalan Tun Jugah, Kempas Heights, 93350 Kuching, Sarawak, Malaysia","ChIJEXxxRoOn-zERUFu_1uYDF2I","ODA Café Kuching (Sarawak)","","","","","",""
"Not Specified","null","cafe","food","point of interest","establishment","","","","","101.7172014","null","4.6","null","OGA Tea & Dining","OPERATIONAL","hash_OGA Tea & Dining (Kuala Lumpur)","null","null","null","1097","3.1455883","Kuala Lumpur","18 Jalan Kamuning, Off, Jln Imbi, 55100 Kuala Lumpur, Wilayah Persekutuan Kuala Lumpur, Malaysia","ChIJK6eJpwc3zDERXOaEQ4JyzHE","OGA Tea & Dining (Kuala Lumpur)","","","","","",""
"Not Specified","null","cafe","food","point of interest","establishment","","","","","101.6215677","null","4.7","null","ONO Specialty Coffee & Matcha","OPERATIONAL","hash_ONO Specialty Coffee & Matcha (Kuala Lumpur)","null","null","null","1976","3.114084","Kuala Lumpur","47, Jalan SS 2/30, SS 2, 47300 Petaling Jaya, Selangor, Malaysia","ChIJf_gKT1lJzDER9bYg7pl5c98","ONO Specialty Coffee & Matcha (Kuala Lumpur)","","","","","",""
"Not Specified","null","cafe","food","point of interest","establishment","","","","","101.6215677","null","4.7","null","ONO Specialty Coffee & Matcha","OPERATIONAL","hash_ONO Specialty Coffee & Matcha (Selangor)","null","null","null","1976","3.114084","Selangor","47, Jalan SS 2/30, SS 2, 47300 Petaling Jaya, Selangor, Malaysia","ChIJf_gKT1lJzDER9bYg7pl5c98","ONO Specialty Coffee & Matcha (Selangor)","","","","","",""
"Not Specified","null","restaurant","food","point of interest","establishment","","","","","100.2065962","null","4","null","Obses Kitchen Kangar","OPERATIONAL","hash_Obses Kitchen Kangar (Perlis)","2","null","null","215","6.436623699999999","Perlis","2, Jalan Medan Niaga, Taman Seri Firdaus, 01000 Kangar, Perlis, Malaysia","ChIJ81QZX4qZTDARiYO7Uo6K20Y","Obses Kitchen Kangar (Perlis)","","","","","",""
"Not Specified","null","cafe","food","point of interest","establishment","","","","","116.0781898","null","4.5","null","October Coffee Gaya","OPERATIONAL","hash_October Coffee Gaya (Sabah)","2","null","null","1301","5.9838803","Sabah","13, Lorong Dewan, Pusat Bandar, 88000 Kota Kinabalu, Sabah, Malaysia","ChIJZyoAmYVpOzIRWlmsKDwjA_A","October Coffee Gaya (Sabah)","","","","","",""
"Not Specified","null","cafe","meal takeaway","bakery","restaurant","food","point of interest","store","establishment","116.1069827","null","4.4","null","October Coffee Roasters","OPERATIONAL","hash_October Coffee Roasters (Sabah)","2","null","null","548","5.966578699999999","Sabah","9, Lorong Bunga Raja 4, Taman Bunga Raja, 88450 Kota Kinabalu, Sabah, Malaysia","ChIJp_AUcRRpOzIR5OEDQawMNs4","October Coffee Roasters (Sabah)","","","","","",""
"Not Specified","null","cafe","food","point of interest","establishment","","","","","101.6149227","null","4.1","null","Oh Cha Matcha - 1 Utama","OPERATIONAL","hash_Oh Cha Matcha - 1 Utama (Selangor)","null","null","null","56","3.1517239","Selangor","City Centre, Lot LGK9, 1 Utama Shopping Centre, 1, Lebuh Bandar Utama, Bandar Utama, 47800 Petaling Jaya, Selangor, Malaysia","ChIJETzSZaBPzDERAg_aThT8w4w","Oh Cha Matcha - 1 Utama (Selangor)","","","","","",""
"Not Specified","null","cafe","food","point of interest","establishment","","","","","101.509838","null","4.9","null","Oh Cha Matcha - Elmina Lakeside Mall","OPERATIONAL","hash_Oh Cha Matcha - Elmina Lakeside Mall (Selangor)","null","null","null","150","3.1815092","Selangor","GF-39A, Ground Floor, Elmina Lakeside Mall, Persiaran Garcinia, Seksyen U15, 40170 Shah Alam, Selangor, Malaysia","ChIJ9WPeY_5RzDER-lMlAntlxAg","Oh Cha Matcha - Elmina Lakeside Mall (Selangor)","","","","","",""
"Not Specified","null","cafe","food","point of interest","establishment","","","","","101.6352662","null","4.5","null","Oh Cha Matcha - Jaya One","OPERATIONAL","hash_Oh Cha Matcha - Jaya One (Selangor)","null","null","null","18","3.1176768","Selangor","G-7, Ground Floor, Block J, The School by Jaya One, 72A, Jln Profesor Diraja Ungku Aziz, Seksyen 13, 46200 Petaling Jaya, Selangor, Malaysia","ChIJ5fphysJJzDERaY1_g1KZOhk","Oh Cha Matcha - Jaya One (Selangor)","","","","","",""
"Not Specified","null","cafe","food","point of interest","establishment","","","","","101.7235944","null","4.9","null","Oh Cha Matcha - Sunway Velocity","OPERATIONAL","hash_Oh Cha Matcha - Sunway Velocity (Kuala Lumpur)","null","null","null","254","3.1274178","Kuala Lumpur","Lot 2-70, 2nd Floor, SUNWAY VELOCITY, Mall, Jln Cheras, Maluri, 55100 Kuala Lumpur, Wilayah Persekutuan Kuala Lumpur, Malaysia","ChIJwW5unFo3zDERoImd8pp675g","Oh Cha Matcha - Sunway Velocity (Kuala Lumpur)","","","","","",""
"Not Specified","null","cafe","food","point of interest","establishment","","","","","101.7235944","null","4.9","null","Oh Cha Matcha - Sunway Velocity","OPERATIONAL","hash_Oh Cha Matcha - Sunway Velocity (Selangor)","null","null","null","254","3.1274178","Selangor","Lot 2-70, 2nd Floor, SUNWAY VELOCITY, Mall, Jln Cheras, Maluri, 55100 Kuala Lumpur, Wilayah Persekutuan Kuala Lumpur, Malaysia","ChIJwW5unFo3zDERoImd8pp675g","Oh Cha Matcha - Sunway Velocity (Selangor)","","","","","",""
"Not Specified","null","cafe","restaurant","food","point of interest","establishment","","","","101.9094847","null","4","null","Olive and Sambal Village S2","OPERATIONAL","hash_Olive and Sambal Village S2 (Negeri Sembilan)","2","null","null","414","2.6942897","Negeri Sembilan","199, Jalan S2 B14, Uptown Avenue Seremban 2, 70300 Seremban, Negeri Sembilan, Malaysia","ChIJqz12IMHnzTERzOEwdZdpz7Y","Olive and Sambal Village S2 (Negeri Sembilan)","","","","","",""
"Not Specified","null","cafe","store","food","point of interest","establishment","","","","100.2414722","null","4.3","null","Oven Rimba Cafe","OPERATIONAL","hash_Oven Rimba Cafe (Perlis)","null","null","null","313","6.506655299999999","Perlis","Jalan Santan, Kampung Padang Lati, 02400 Kangar, Perlis, Malaysia","ChIJvclF2BCXTDARNcVWkZPOWZc","Oven Rimba Cafe (Perlis)","","","","","",""
"Not Specified","null","cafe","food","point of interest","store","establishment","","","","100.4527107","null","4.7","null","Pa namaa Coffee Jitra ( Panama Kopi)","OPERATIONAL","hash_Pa namaa Coffee Jitra ( Panama Kopi) (Kedah)","null","null","null","245","6.2450835","Kedah","NO 221 THE AXIS COMMERCIAL HUB TAMAN TUNKU INTAN SAFINAZ, Bandar Darulaman, 06000 Jitra, Kedah, Malaysia","ChIJjcziIm5XSzAR8anstPDKHW8","Pa namaa Coffee Jitra ( Panama Kopi) (Kedah)","","","","","",""
"Not Specified","null","cafe","food","point of interest","establishment","","","","","103.16013","null","4.7","null","PastelMonoMY","OPERATIONAL","hash_PastelMonoMY (Terengganu)","2","null","null","544","5.2795404","Terengganu","LOT 2913, Jalan Cempaka 10, Kampung Tok Adis, 20400 Kuala Terengganu, Terengganu, Malaysia","ChIJRawdT26_tzERjlYwcQbc3qc","PastelMonoMY (Terengganu)","","","","","",""
"Not Specified","null","cafe","bakery","store","food","point of interest","establishment","","","101.0774675","null","4.1","null","Patisserie Boutique","OPERATIONAL","hash_Patisserie Boutique (Perak)","2","null","null","503","4.5967759","Perak","103, Jln Sultan Yussof, 30000 Ipoh, Perak, Malaysia","ChIJFVo9LXzsyjERjzjdRS67IKo","Patisserie Boutique (Perak)","","","","","",""
"Not Specified","null","cafe","store","food","point of interest","establishment","","","","101.0790589","null","3.9","null","People's Park Chang Jiang White Coffee","OPERATIONAL","hash_People's Park Chang Jiang White Coffee (Perak)","null","null","null","531","4.5937587","Perak","Kompleks Bangunan Taman Persisiran Sungai Kinta, Jalan Sultan Iskandar, 30000 Ipoh, Perak, Malaysia","ChIJ-SbectntyjERowqjSoq-lKo","People's Park Chang Jiang White Coffee (Perak)","","","","","",""
"Not Specified","null","point of interest","establishment","","","","","","","102.2474045","null","null","null","Pink Matcha Cafe","OPERATIONAL","hash_Pink Matcha Cafe (Negeri Sembilan)","null","null","null","null","2.7701514","Negeri Sembilan","17, 1, Jalan Senimas 9, Taman Senimas, 72000 Kuala Pilah, Negeri Sembilan, Malaysia","ChIJ95lzEShzzjERYkZOvPUutAg","Pink Matcha Cafe (Negeri Sembilan)","","","","","",""
"Not Specified","null","cafe","store","food","point of interest","establishment","","","","101.0896559","null","4.2","null","QUIERO Coffee - Ipoh","OPERATIONAL","hash_QUIERO Coffee - Ipoh (Perak)","null","null","null","63","4.5928586","Perak","D-G19, Soho Ipoh, 2, Jalan Sultan Idris Shah, 30000 Ipoh, Perak, Malaysia","ChIJb3WQQybtyjERsEbPaW_-mL8","QUIERO Coffee - Ipoh (Perak)","","","","","",""
"Not Specified","null","restaurant","food","point of interest","establishment","","","","","101.6283382","null","4.7","null","Raku Matcha","OPERATIONAL","hash_Raku Matcha (Kuala Lumpur)","null","null","null","589","3.1151068","Kuala Lumpur","L1 - 03, Level 1, New Ocean World Fine Food City, 15, Jalan 19/1, Seksyen 19, 46300 Petaling Jaya, Selangor, Malaysia","ChIJ7TsX0zFJzDERcZx_N6_24hg","Raku Matcha (Kuala Lumpur)","","","","","",""
"Not Specified","null","restaurant","food","point of interest","establishment","","","","","101.6283382","null","4.7","null","Raku Matcha","OPERATIONAL","hash_Raku Matcha (Selangor)","null","null","null","589","3.1151068","Selangor","L1 - 03, Level 1, New Ocean World Fine Food City, 15, Jalan 19/1, Seksyen 19, 46300 Petaling Jaya, Selangor, Malaysia","ChIJ7TsX0zFJzDERcZx_N6_24hg","Raku Matcha (Selangor)","","","","","",""
"Not Specified","null","cafe","point of interest","food","establishment","","","","","103.7628075","null","4.7","null","Re Patisserie","OPERATIONAL","hash_Re Patisserie (Johor)","null","null","null","390","1.4908336","Johor","77, Jalan Kemuning, Taman Melodies, 80250 Johor Bahru, Johor Darul Ta'zim, Malaysia","ChIJ16Topi9t2jERzDgJurSG8nU","Re Patisserie (Johor)","","","","","",""
"Not Specified","null","cafe","store","food","point of interest","establishment","","","","115.2500163","null","4.5","null","Resto Coffee","OPERATIONAL","hash_Resto Coffee (Labuan)","null","null","null","17","5.2830834","Labuan","Bandar Labuan, 87000 Labuan, Labuan Federal Territory, Malaysia","ChIJN8FxhpAZIzIRtwJ1C8l6r9U","Resto Coffee (Labuan)","","","","","",""
"Not Specified","null","cafe","food","point of interest","store","establishment","","","","101.7231129","null","4.5","null","Richiamo Coffee - Putrajaya","OPERATIONAL","hash_Richiamo Coffee - Putrajaya (Putrajaya)","2","null","null","255","2.9459926","Putrajaya","Lot 18, Nadi 15, Presint Diplomatik, 62050, Putrajaya, Malaysia","ChIJiclHxpnJzTER1kv0I0--gjg","Richiamo Coffee - Putrajaya (Putrajaya)","","","","","",""
"Not Specified","null","cafe","restaurant","food","point of interest","establishment","","","","102.2357731","null","4.6","null","Rooftop Cafe","OPERATIONAL","hash_Rooftop Cafe (Malacca)","null","null","null","229","2.1949874","Malacca","29 (LEVEL, 5, Jln KSB 11, 75200 Malacca, Malaysia","ChIJu7knA7Dx0TERHfhGz5lLets","Rooftop Cafe (Malacca)","","","","","",""
"Not Specified","null","cafe","store","food","point of interest","establishment","","","","102.3613257","null","4.7","null","Room Cafe","OPERATIONAL","hash_Room Cafe (Pahang)","null","null","null","30","3.9393219","Pahang","Jalan Dulang, Kampung Sungai Jan, 27000 Jerantut, Pahang, Malaysia","ChIJP-n0ea9ByTER8byfYrqA3Dk","Room Cafe (Pahang)","","","","","",""
"Not Specified","null","cafe","bakery","store","point of interest","food","establishment","","","110.3925136","null","4.7","null","Roots & Bliss Cafe","OPERATIONAL","hash_Roots & Bliss Cafe (Sarawak)","null","null","null","124","1.5131382","Sarawak","Ground Floor, Sublot 68, TT3 Plaza, 93350 Kuching, Sarawak, Malaysia","ChIJk0vZDsen-zERmZqOLdwxO50","Roots & Bliss Cafe (Sarawak)","","","","","",""
"Not Specified","null","cafe","store","food","point of interest","establishment","","","","100.4390371","null","4.9","null","SAFA MATCHA","OPERATIONAL","hash_SAFA MATCHA (Penang)","null","null","null","43","5.2387407","Penang","VERVEA, 52-G, Jln Vervea 13, 14110 Simpang Ampat, Pulau Pinang, Malaysia","ChIJHwXFgb-5SjARIGnGXTaH7xA","SAFA MATCHA (Penang)","","","","","",""
"Not Specified","null","cafe","store","food","point of interest","establishment","","","","103.3521093","null","4","null","SECHAWAN MATCHA & KOPI","OPERATIONAL","hash_SECHAWAN MATCHA & KOPI (Pahang)","null","null","null","1","3.8229514","Pahang","MRSM, 25250 Kuantan, Pahang, Malaysia","ChIJ6WOvCqS7yDERjrKusxTL0eA","SECHAWAN MATCHA & KOPI (Pahang)","","","","","",""
"Not Specified","null","cafe","food","point of interest","establishment","","","","","102.2428447","null","4.9","null","SO BER CAFE","OPERATIONAL","hash_SO BER CAFE (Malacca)","null","null","null","296","2.201086","Malacca","No. 47-i, Jalan Ong Kim Wee, Kampung Empat, 75300 Malacca, Malaysia","ChIJBd3ZU9fx0TERztZ5SbfTHj8","SO BER CAFE (Malacca)","","","","","",""
"Not Specified","null","cafe","food","point of interest","establishment","","","","","116.0826898","null","5","null","STAY CAFE","OPERATIONAL","hash_STAY CAFE (Sabah)","null","null","null","595","5.936928099999999","Sabah","Penampang, Lido Plaza, Lot 11-0, Ground Floor, Nosoob, Jalan Kobusak, 88300 Kota Kinabalu, Sabah, Malaysia","ChIJ8Qj81W5pOzIRAw8mOre63Ds","STAY CAFE (Sabah)","","","","","",""
"Not Specified","null","cafe","store","food","point of interest","establishment","","","","100.1780891","null","4.9","null","Sechaone Coffee","OPERATIONAL","hash_Sechaone Coffee (Perlis)","null","null","null","318","6.438322299999999","Perlis","15, Lrg Muhibbah, Kampung Telok Kachang, 01000 Kangar, Perlis, Malaysia","ChIJF-bQNciZTDARUErnknBfhL8","Sechaone Coffee (Perlis)","","","","","",""
"Not Specified","null","cafe","food","point of interest","establishment","","","","","115.2449582","null","4.1","null","Secret Recipe Labuan","OPERATIONAL","hash_Secret Recipe Labuan (Labuan)","2","null","null","447","5.2808319","Labuan","Bandar Labuan, 87000 Labuan, Labuan Federal Territory, Malaysia","ChIJa8Sy3KgZIzIRtxtdk9rLWlQ","Secret Recipe Labuan (Labuan)","","","","","",""
"Not Specified","null","cafe","store","food","point of interest","establishment","","","","100.2303858","null","4.9","null","Seduh es kopi","OPERATIONAL","hash_Seduh es kopi (Perlis)","null","null","null","30","6.5161799","Perlis","10, Jalan Kaki Bukit, Kampung Darat, 01000 Kangar, Perlis, Malaysia","ChIJncJGF8qXTDARBOV5QczOrKg","Seduh es kopi (Perlis)","","","","","",""
"Not Specified","null","cafe","food","point of interest","establishment","","","","","101.0935448","null","4","null","Shake & Bake Cafe","OPERATIONAL","hash_Shake & Bake Cafe (Perak)","2","null","null","870","4.5908088","Perak","14, Jln Sultan Nazrin Shah, 30250 Ipoh, Perak, Malaysia","ChIJA3Ol0VztyjER46y7iF9lUww","Shake & Bake Cafe (Perak)","","","","","",""
"Not Specified","null","cafe","food","point of interest","establishment","","","","","115.2443109","null","4.4","null","Sharetea","OPERATIONAL","hash_Sharetea (Labuan)","2","null","null","231","5.2810747","Labuan","Bandar Labuan, 87000 Labuan, Labuan Federal Territory, Malaysia","ChIJzQGScacZIzIRikcU9w6rrkk","Sharetea (Labuan)","","","","","",""
"Not Specified","null","cafe","store","restaurant","food","point of interest","establishment","","","103.3298552","null","4.3","null","Shiro-Yuki Dessert Cafe (Kuantan)","OPERATIONAL","hash_Shiro-Yuki Dessert Cafe (Kuantan) (Pahang)","null","null","null","177","3.8175558","Pahang","B-2, 2, Lorong Tun Ismail 11, Sri Dagangan Bussiness Centre, 25000 Kuantan, Pahang, Malaysia","ChIJPXsbnim7yDERu7aWuEZPcEc","Shiro-Yuki Dessert Cafe (Kuantan) (Pahang)","","","","","",""
"Not Specified","null","cafe","restaurant","food","point of interest","store","establishment","","","102.2448834","null","4.5","null","Shiro-Yuki Dessert Cafe (Main Branch)","OPERATIONAL","hash_Shiro-Yuki Dessert Cafe (Main Branch) (Kelantan)","2","null","null","511","6.129667899999999","Kelantan","PT373, Jalan Sri Cemerlang 7/27, Bandar Kota Bharu, 15300 Kota Bharu, Kelantan, Malaysia","ChIJo4mzKyWvtjERPcOv0el7FLM","Shiro-Yuki Dessert Cafe (Main Branch) (Kelantan)","","","","","",""
"Not Specified","null","cafe","store","food","point of interest","establishment","","","","101.0783272","null","4.4","null","Signature 49 Cafe","OPERATIONAL","hash_Signature 49 Cafe (Perak)","null","null","null","92","4.5959126","Perak","49, Jalan Market, 30000 Ipoh, Perak, Malaysia","ChIJbz5molztyjERWCzEyvYi4AY","Signature 49 Cafe (Perak)","","","","","",""
"Not Specified","null","cafe","food","point of interest","store","establishment","","","","101.9785233","null","5","null","Sip spot matcha","OPERATIONAL","hash_Sip spot matcha (Negeri Sembilan)","null","null","null","2","2.7249854","Negeri Sembilan","tapian gelanggang, Paroi, 70400 Seremban, Negeri Sembilan, Malaysia","ChIJ6WCQAtDdzTERmxDxiV1ucgc","Sip spot matcha (Negeri Sembilan)","","","","","",""
"Not Specified","null","cafe","food","point of interest","store","establishment","","","","103.177155","null","4.9","null","Sip.Trg","OPERATIONAL","hash_SipTrg (Terengganu)","null","null","null","17","5.2807656","Terengganu","1764, Jln Sek. Keb. Chendering, Chendering, 21080 Kuala Terengganu, Terengganu, Malaysia","ChIJ7ee03By9tzERRWgNdvc9aMY","SipTrg (Terengganu)","","","","","",""
"Not Specified","null","cafe","food","point of interest","establishment","","","","","102.2352704","null","4.5","null","Six by Nik Coffee","OPERATIONAL","hash_Six by Nik Coffee (Kelantan)","null","null","null","128","6.122124299999999","Kelantan","WIRA AVENUE, Lot 601 & 604 Tingkat Bawah, Jln Sultanah Zainab, 15050 Kota Bharu, Kelantan, Malaysia","ChIJwa-2xTGvtjERzxZZTjhh-mI","Six by Nik Coffee (Kelantan)","","","","","",""
"Not Specified","null","cafe","store","point of interest","food","establishment","","","","103.7547192","null","4.5","null","Sky Dezato Cafe","OPERATIONAL","hash_Sky Dezato Cafe (Johor)","2","null","null","202","1.46414","Johor","63B, Jalan Yahya Awal, Bandar Johor Bahru, 80100 Johor Bahru, Johor Darul Ta'zim, Malaysia","ChIJGYWleBYT2jERmB4ddNKP6W0","Sky Dezato Cafe (Johor)","","","","","",""
"Not Specified","null","cafe","point of interest","food","establishment","","","","","103.7749504","null","4.7","null","Slow Day Cafe","OPERATIONAL","hash_Slow Day Cafe (Johor)","null","null","null","518","1.5650339","Johor","No. 2-01, (1st Floor Only, Jalan Austin Heights 7/8, Taman Mount Austin, 81100 Johor Bahru, Johor Darul Ta'zim, Malaysia","ChIJ7YBNeDJv2jERmgYb39W4PRw","Slow Day Cafe (Johor)","","","","","",""
"Not Specified","null","cafe","restaurant","food","point of interest","store","establishment","","","101.5878194","null","4.5","null","Slowork Coffee & Matcha","OPERATIONAL","hash_Slowork Coffee & Matcha (Selangor)","null","null","null","88","3.116958","Selangor","No.53, Jalan PJU 1a/42, Ara Damansara, 47301 Petaling Jaya, Selangor, Malaysia","ChIJ5cxZqOFPzDERGtEPK5VzPJ0","Slowork Coffee & Matcha (Selangor)","","","","","",""
"Not Specified","null","cafe","food","point of interest","store","establishment","","","","116.0860833","null","4.9","null","Something Cafe","OPERATIONAL","hash_Something Cafe (Sabah)","null","null","null","23","5.961978999999999","Sabah","1st floor, Bangunan Seri Damai, Lorong Nibung 1, Taman Friendly Shophouse Phase 3, 88300 Kota Kinabalu, Sabah, Malaysia","ChIJUyxsu2NpOzIRh1xV5wd8axU","Something Cafe (Sabah)","","","","","",""
"Not Specified","null","cafe","food","point of interest","establishment","","","","","102.2304661","null","4.5","null","Somewhere Coffee","OPERATIONAL","hash_Somewhere Coffee (Malacca)","null","null","null","104","2.1999143","Malacca","Jaya, No22, Jalan KLJ 9,Taman Kota Laksamana, Kota Laksamana, 75200 Melaka, Malaysia","ChIJOyCFf8vx0TERybSRzl8TeV0","Somewhere Coffee (Malacca)","","","","","",""
"Not Specified","null","cafe","store","food","point of interest","establishment","","","","100.20932","null","4.7","null","Sorok Kafe","OPERATIONAL","hash_Sorok Kafe (Perlis)","null","null","null","65","6.439649200000001","Perlis","19, Medan Niaga, Jalan Padang Behor, 01000 Kangar, Perlis, Malaysia","ChIJr8f8fYCZTDARwnZTrW8VCPs","Sorok Kafe (Perlis)","","","","","",""
"Not Specified","null","cafe","restaurant","food","point of interest","establishment","","","","100.364184","null","4.5","null","Sulb Cafe, Alor Setar - حلال","OPERATIONAL","hash_Sulb Cafe, Alor Setar - حلال (Kedah)","null","null","null","938","6.1000406","Kedah","66 & 67, Sulb Cafe, 2F, Jalan Psk Satu, Pekan Simpang Kuala, 05400 Alor Setar, Kedah, Malaysia","ChIJj1Izhs1FSzAR8PfKfCryGtU","Sulb Cafe, Alor Setar - حلال (Kedah)","","","","","",""
"Not Specified","null","cafe","store","food","point of interest","establishment","","","","100.2044983","null","4.9","null","Summer bubble Cafe","OPERATIONAL","hash_Summer bubble Cafe (Perlis)","null","null","null","29","6.6441985","Perlis","Gua Kelam, Summer Bubble Cafe,Bersebelahan Galeri Gua Kelam, 02200 Kaki Bukit, Perlis, Malaysia","ChIJky_u2HfrTDARiOJK2FDhYHY","Summer bubble Cafe (Perlis)","","","","","",""
"Not Specified","null","cafe","bakery","store","restaurant","point of interest","food","establishment","","103.7776266","null","4.4","null","Sunday Brew","OPERATIONAL","hash_Sunday Brew (Johor)","null","null","null","161","1.5620614","Johor","45-01, Jalan Austin Heights 8/3, 81100 Johor Bahru, Johor Darul Ta'zim, Malaysia","ChIJ21pfxoBv2jERukj9I3TJUJA","Sunday Brew (Johor)","","","","","",""
"Not Specified","null","bakery","cafe","store","restaurant","point of interest","food","establishment","","103.7641317","null","4.5","null","Sunday Morning Coffee Shop","OPERATIONAL","hash_Sunday Morning Coffee Shop (Johor)","null","null","null","428","1.4576562","Johor","124, Jalan Trus, Bandar Johor Bahru, 80000 Johor Bahru, Johor Darul Ta'zim, Malaysia","ChIJTSwQTgoT2jERHmdkhIir_AY","Sunday Morning Coffee Shop (Johor)","","","","","",""
"Not Specified","null","cafe","food","point of interest","establishment","","","","","101.717045","null","4.1","null","Super Matcha The Exchange TRX","OPERATIONAL","hash_Super Matcha The Exchange TRX (Kuala Lumpur)","null","null","null","127","3.1436283","Kuala Lumpur","GS.01.0, Ground Level, The Exchange TRX, Exchange, Persiaran TRX, Tun Razak, 55188 Kuala Lumpur, Wilayah Persekutuan Kuala Lumpur, Malaysia","ChIJfTgk7LA3zDER23GzTJvN6vw","Super Matcha The Exchange TRX (Kuala Lumpur)","","","","","",""
"Not Specified","null","cafe","food","point of interest","establishment","","","","","101.717045","null","4.1","null","Super Matcha The Exchange TRX","OPERATIONAL","hash_Super Matcha The Exchange TRX (Pahang)","null","null","null","127","3.1436283","Pahang","GS.01.0, Ground Level, The Exchange TRX, Exchange, Persiaran TRX, Tun Razak, 55188 Kuala Lumpur, Wilayah Persekutuan Kuala Lumpur, Malaysia","ChIJfTgk7LA3zDER23GzTJvN6vw","Super Matcha The Exchange TRX (Pahang)","","","","","",""
"Not Specified","null","cafe","store","point of interest","food","establishment","","","","103.7686111","null","4.5","null","Sweet Blossom Coffee Roasters","OPERATIONAL","hash_Sweet Blossom Coffee Roasters (Johor)","2","null","null","389","1.4808333","Johor","28, Jalan Maju, Taman Pelangi, 80400 Johor Bahru, Johor Darul Ta'zim, Malaysia","ChIJsXoCEixt2jERLj0R7jp2AN4","Sweet Blossom Coffee Roasters (Johor)","","","","","",""
"Not Specified","null","cafe","food","point of interest","establishment","","","","","101.9103578","null","4.1","null","T4 Seremban","OPERATIONAL","hash_T4 Seremban (Negeri Sembilan)","null","null","null","303","2.695663","Negeri Sembilan","302, Jalan S2 B13, Seremban 2, 70300 Seremban, Negeri Sembilan, Malaysia","ChIJsdjSksDnzTEROx_ZCi23uNM","T4 Seremban (Negeri Sembilan)","","","","","",""
"Not Specified","null","cafe","store","food","point of interest","establishment","","","","100.3349664","null","4.2","null","TEMU","CLOSED_TEMPORARILY","hash_TEMU (Penang)","null","null","null","289","5.4138414","Penang","62, Lebuh Melayu, George Town, 10100 George Town, Pulau Pinang, Malaysia","ChIJC_GWdtbDSjARQPrZoDaydr8","TEMU (Penang)","","","","","",""
"Not Specified","null","cafe","food","point of interest","store","establishment","","","","101.9699595","null","4.6","null","Tea Hunter N9","OPERATIONAL","hash_Tea Hunter N9 (Negeri Sembilan)","null","null","null","12","2.7400268","Negeri Sembilan","No 1, Tapak gerai, Jln Jelebu, Rumah Rakyat Sikamat 2, 70400 Seremban, Negeri Sembilan, Malaysia","ChIJ04sZBJndzTERiJoDPte20dc","Tea Hunter N9 (Negeri Sembilan)","","","","","",""
"Not Specified","null","point of interest","establishment","","","","","","","101.818242","null","null","null","Teduh Matcha","OPERATIONAL","hash_Teduh Matcha (Negeri Sembilan)","null","null","null","null","2.7018768","Negeri Sembilan","Jalan Tiara Sendayan Biz 1 Pusat Komersial Tiara Sendayan, 71900 Labu, Negeri Sembilan, Malaysia","ChIJiRAkCh7pzTERINOixTEus-Y","Teduh Matcha (Negeri Sembilan)","","","","","",""
"Not Specified","null","cafe","food","point of interest","establishment","","","","","100.741756","null","4.6","null","Tehyeish Cafe Sik","OPERATIONAL","hash_Tehyeish Cafe Sik (Kedah)","2","null","null","226","5.8137684","Kedah","Tehyeish Cafe, Pekan Sik, 08200 Sik, Kedah, Malaysia","ChIJj3XF4lDPtDERD4MYA4esrQo","Tehyeish Cafe Sik (Kedah)","","","","","",""
"Not Specified","null","cafe","store","food","point of interest","establishment","","","","100.1809383","null","4.4","null","Tentang Kopi Kgr","OPERATIONAL","hash_Tentang Kopi Kgr (Perlis)","2","null","null","146","6.4797405","Perlis","No 68, Jalan Bintong Aman, Kampung Nesam, 01000 Kangar, Perlis, Malaysia","ChIJBzU1CbiXTDARAFHlQpOvlYw","Tentang Kopi Kgr (Perlis)","","","","","",""
"Not Specified","null","cafe","store","food","point of interest","establishment","","","","103.2557682","null","4.4","null","Terrase Haus Coffee","OPERATIONAL","hash_Terrase Haus Coffee (Pahang)","null","null","null","25","3.8583937","Pahang","Lorong Padang Permai 40, B25, Tingkat Bawah, Perumahan Padang Permai, 25200 Kuantan, Pahang, Malaysia","ChIJN5AsAaC5yDERL-UXrAgf2N8","Terrase Haus Coffee (Pahang)","","","","","",""
"Not Specified","null","cafe","store","point of interest","food","establishment","","","","103.7743157","null","4.5","null","The Blue Door Coffee House - Coffee Specialty","OPERATIONAL","hash_The Blue Door Coffee House - Coffee Specialty (Johor)","null","null","null","277","1.5646537","Johor","36A, Jalan Austin Height 7/8, Taman Mount Austin, 81100 Johor Bahru, Johor Darul Ta'zim, Malaysia","ChIJvWUVt8Fv2jERw7OhrP00bd0","The Blue Door Coffee House - Coffee Specialty (Johor)","","","","","",""
"Not Specified","null","cafe","food","point of interest","establishment","","","","","101.9196149","null","4.4","null","The Coffee Bean & Tea Leaf","OPERATIONAL","hash_The Coffee Bean & Tea Leaf (Negeri Sembilan)","2","null","null","605","2.7169311","Negeri Sembilan","No. 9-G, Gerbang Seremban, off, Jalan Sungai Ujong, 70200 Seremban, Negeri Sembilan, Malaysia","ChIJ_wVwwInnzTER_nBr1gicAL0","The Coffee Bean & Tea Leaf (Negeri Sembilan)","","","","","",""
"Not Specified","null","cafe","point of interest","food","establishment","","","","","110.3595575","null","4.3","null","The Coffee Code Kuching","OPERATIONAL","hash_The Coffee Code Kuching (Sarawak)","2","null","null","773","1.505299","Sarawak","B2 Saradise, 93250 Kuching, Sarawak, Malaysia","ChIJjRVvqp2n-zERR6DwxEFRPF8","The Coffee Code Kuching (Sarawak)","","","","","",""
"Not Specified","null","cafe","restaurant","food","point of interest","store","establishment","","","101.6837418","null","4.4","null","The Coffee Department Presint 3 - Perbadanan Putrajaya, W.P Putrajaya (Best Cafe in Putrajaya)","OPERATIONAL","hash_The Coffee Department Presint 3 - Perbadanan Putrajaya, WP Putrajaya (Best Cafe in Putrajaya) (Putrajaya)","null","null","null","82","2.9186178","Putrajaya","Lot R32, Aras Concourse, Block C, Kompleks Perbadanan, Presint 3, 62675 Putrajaya, Wilayah Persekutuan Putrajaya, Malaysia","ChIJr_uA-R-3zTER6Jeo4SDQc3M","The Coffee Department Presint 3 - Perbadanan Putrajaya, WP Putrajaya (Best Cafe in Putrajaya) (Putrajaya)","","","","","",""
"Not Specified","null","cafe","food","point of interest","store","establishment","","","","101.6730581","null","4.5","null","The Coffee Department Presint 7 - Institut Kanser Negara, Putrajaya, W.P Putrajaya (Best Cafe in Putrajaya)","OPERATIONAL","hash_The Coffee Department Presint 7 - Institut Kanser Negara, Putrajaya, WP Putrajaya (Best Cafe in Putrajaya) (Putrajaya)","null","null","null","80","2.9273398","Putrajaya","Jalan Presint 7, Presint 7, 62250 Putrajaya, Malaysia","ChIJy5BxChS3zTERPGb1NKUP4nY","The Coffee Department Presint 7 - Institut Kanser Negara, Putrajaya, WP Putrajaya (Best Cafe in Putrajaya) (Putrajaya)","","","","","",""
"Not Specified","null","cafe","restaurant","food","point of interest","store","establishment","","","101.9115347","null","4.2","null","The Coffeeholic","OPERATIONAL","hash_The Coffeeholic (Negeri Sembilan)","2","null","null","316","2.694511","Negeri Sembilan","Section B, 250, Jalan S2 B12, Seremban 2, 70300 Seremban, Negeri Sembilan, Malaysia","ChIJb5mKpcDnzTERstpt7VbqbS4","The Coffeeholic (Negeri Sembilan)","","","","","",""
"Not Specified","null","cafe","food","point of interest","establishment","","","","","102.2381888","null","4.6","null","The Eden Cafe Kota Bharu","OPERATIONAL","hash_The Eden Cafe Kota Bharu (Kelantan)","null","null","null","133","6.128665","Kelantan","3577, Jalan Ismail, Bandar Kota Bharu, 15000 Kota Bharu, Kelantan, Malaysia","ChIJTye12l6vtjERFRGYJ5Qdva8","The Eden Cafe Kota Bharu (Kelantan)","","","","","",""
"Not Specified","null","cafe","food","point of interest","establishment","","","","","101.6939184","null","3.5","null","The Glasshopper","OPERATIONAL","hash_The Glasshopper (Putrajaya)","null","null","null","672","2.9428046","Putrajaya","Presint 1, 62000 Putrajaya, Malaysia","ChIJHTG4_Iy3zTERtBDNZdWMprM","The Glasshopper (Putrajaya)","","","","","",""
"Not Specified","null","store","food","point of interest","establishment","","","","","115.2445088","null","3.7","null","The Grass Labuan","OPERATIONAL","hash_The Grass Labuan (Labuan)","null","null","null","9","5.280850399999999","Labuan","G19, Ground Floor, Paragon Labuan, Jalan Tun Mustapha, 87000, Wilayah Persekutuan Labuan, Malaysia","ChIJMYf3fzoZIzIRNA_ejTW9RMA","The Grass Labuan (Labuan)","","","","","",""
"Not Specified","null","cafe","point of interest","food","establishment","","","","","110.3528803","null","4.2","null","The Hash Cafe","OPERATIONAL","hash_The Hash Cafe (Sarawak)","null","null","null","178","1.5163531","Sarawak","Ground Floor Sub Lot 13 The Emporium Complex at, Jalan Tun Jugah, 93350 Kuching, Sarawak, Malaysia","ChIJHyy2Ooun-zERNxnkONqLh-g","The Hash Cafe (Sarawak)","","","","","",""
"Not Specified","null","cafe","food","point of interest","store","establishment","","","","102.2381729","null","4.6","null","The Layers Cafe","OPERATIONAL","hash_The Layers Cafe (Kelantan)","2","null","null","672","6.127431199999999","Kelantan","Lot 320 A, Jalan Hulu Pasar, Bandar Kota Bharu, 15000 Kota Bharu, Kelantan, Malaysia","ChIJqxuyNYWvtjERGLo5BycSsPM","The Layers Cafe (Kelantan)","","","","","",""
"Not Specified","null","cafe","food","point of interest","establishment","","","","","101.7503971","null","5","null","The Matcha Walla","OPERATIONAL","hash_The Matcha Walla (Putrajaya)","null","null","null","64","2.9634418","Putrajaya","43, Jalan 9/2 Taman IKS, Seksyen 9, 43650 Bandar Baru Bangi, Selangor, Malaysia","ChIJ1RzhHgbLzTERitRbCKgrh9s","The Matcha Walla (Putrajaya)","","","","","",""
"Not Specified","null","cafe","food","point of interest","establishment","","","","","101.7503971","null","5","null","The Matcha Walla","OPERATIONAL","hash_The Matcha Walla (Selangor)","null","null","null","64","2.9634418","Selangor","43, Jalan 9/2 Taman IKS, Seksyen 9, 43650 Bandar Baru Bangi, Selangor, Malaysia","ChIJ1RzhHgbLzTERitRbCKgrh9s","The Matcha Walla (Selangor)","","","","","",""
"Not Specified","null","cafe","food","point of interest","store","establishment","","","","116.0944025","null","4.2","null","The Oak Street","OPERATIONAL","hash_The Oak Street (Sabah)","2","null","null","130","5.955491599999999","Sabah","Phase 8, Lot 4 Ground Floor, 1, Lorong Margosa, Luyang Commercial Centre, 88100 Kota Kinabalu, Sabah, Malaysia","ChIJl4A-fgxpOzIRwXFf7MKQM-Y","The Oak Street (Sabah)","","","","","",""
"Not Specified","null","cafe","store","food","point of interest","establishment","","","","100.7227384","null","4.8","null","The Pahet Cafe","OPERATIONAL","hash_The Pahet Cafe (Perak)","null","null","null","58","4.868132399999999","Perak","489, Jalan 5, Taman Panglima, 34000 Taiping, Perak, Malaysia","ChIJhTr4zDSvyjERngXDoLKSnXc","The Pahet Cafe (Perak)","","","","","",""
"Not Specified","null","cafe","food","point of interest","establishment","","","","","101.082395","null","4.7","null","The Qiss Coffee, ( Sungai Siput U, Perak )","OPERATIONAL","hash_The Qiss Coffee, ( Sungai Siput U, Perak ) (Perak)","null","null","null","115","4.813737","Perak","No 5, Ruangniaga Sinar Masjid, Mukim, Jalan Ipoh, Sungai Siput, 31100 Sungai Siput, Perak, Malaysia","ChIJa7NmobCbyjERvdsPgF_dxmw","The Qiss Coffee, ( Sungai Siput U, Perak ) (Perak)","","","","","",""
"Not Specified","null","cafe","food","point of interest","store","establishment","","","","101.9029888","null","4.6","null","The Urban Affairs","OPERATIONAL","hash_The Urban Affairs (Negeri Sembilan)","2","null","null","1727","2.6931912","Negeri Sembilan","LOT 116, Dataran Centrio, Seremban 2, 70300 Seremban, Negeri Sembilan, Malaysia","ChIJE4kPBsTnzTERciTxAYQAyZg","The Urban Affairs (Negeri Sembilan)","","","","","",""
"Not Specified","null","cafe","food","point of interest","establishment","","","","","115.2382263","null","4.4","null","Theobroma Bake Lab","OPERATIONAL","hash_Theobroma Bake Lab (Labuan)","null","null","null","80","5.2867296","Labuan","Lot 4, Ground Floor, Block C, MPL Saguking Warehouse, 700, 87000 Labuan, Malaysia","ChIJ5z2dNnwZIzIRPb6AvA17UQo","Theobroma Bake Lab (Labuan)","","","","","",""
"Not Specified","null","cafe","food","point of interest","store","establishment","","","","103.131548","null","4.9","null","Third Cafe","OPERATIONAL","hash_Third Cafe (Terengganu)","null","null","null","65","5.3231492","Terengganu","8, Jalan Hiliran, 20300 Kuala Terengganu, Terengganu, Malaysia","ChIJWYnpD2O-tzERzbMFUTleaTw","Third Cafe (Terengganu)","","","","","",""
"Not Specified","null","cafe","food","point of interest","establishment","","","","","102.2779677","null","4.7","null","Tiap Hari Kopi","OPERATIONAL","hash_Tiap Hari Kopi (Kelantan)","2","null","null","114","6.0939054","Kelantan","Bata, Kg Gok, Jalan Raja Perempuan Zainab 2, Kubang Kerian, 15200 Kota Bharu, Kelantan, Malaysia","ChIJ31jVBB2xtjER9Z7j_udrlKg","Tiap Hari Kopi (Kelantan)","","","","","",""
"Not Specified","null","cafe","food","point of interest","establishment","","","","","102.2375526","null","3.8","null","To The Moon","OPERATIONAL","hash_To The Moon (Kelantan)","null","null","null","362","6.1287105","Kelantan","2707, Jalan Temenggong, Bandar Kota Bharu, 15000 Kota Bharu, Kelantan, Malaysia","ChIJvWkBGz2vtjERXN85ywg2-Vc","To The Moon (Kelantan)","","","","","",""
"Not Specified","null","cafe","store","food","point of interest","establishment","","","","101.0780111","null","4.8","null","Toko Kopi Susu by senjacoffeenbar","OPERATIONAL","hash_Toko Kopi Susu by senjacoffeenbar (Perak)","null","null","null","95","4.597178400000001","Perak","Lorong Hale, 30000 Ipoh, Perak, Malaysia","ChIJw5pSK4HtyjERxvMmlO9yy-c","Toko Kopi Susu by senjacoffeenbar (Perak)","","","","","",""
"Not Specified","null","point of interest","establishment","","","","","","","103.1244234","null","5","null","Treecha, Matcha and Greentea drinks","OPERATIONAL","hash_Treecha, Matcha and Greentea drinks (Terengganu)","null","null","null","16","5.367524299999999","Terengganu","Treecha, 21300 Kuala Terengganu, Terengganu, Malaysia","ChIJi-cRp7W9tzER2caE2yyh3js","Treecha, Matcha and Greentea drinks (Terengganu)","","","","","",""
"Not Specified","null","cafe","point of interest","food","establishment","","","","","110.3614649","null","4.2","null","Trevi Cafe","OPERATIONAL","hash_Trevi Cafe (Sarawak)","null","null","null","350","1.50524","Sarawak","Level 1 & 2, Block 5, Saradise Edge, Lot 19844, 93350 Kuching, Sarawak, Malaysia","ChIJqRmPVbqn-zERm07j381j2pQ","Trevi Cafe (Sarawak)","","","","","",""
"Not Specified","null","cafe","food","point of interest","establishment","","","","","116.0695748","null","4.8","null","U-Tea 88 Marketplace","OPERATIONAL","hash_U-Tea 88 Marketplace (Sabah)","null","null","null","43","5.940990999999999","Sabah","Ground Floor, Block B, 88 Market Place, Lot B-G-5, Jalan Pintas, 88300 Kota Kinabalu, Sabah, Malaysia","ChIJ28HRg99pOzIRXIuQyTP9gOE","U-Tea 88 Marketplace (Sabah)","","","","","",""
"Not Specified","null","cafe","food","point of interest","establishment","","","","","115.2440831","null","4.4","null","U-Tea Labuan","OPERATIONAL","hash_U-Tea Labuan (Labuan)","null","null","null","69","5.2812876","Labuan","G26, Paragon, 87000 Labuan, Wilayah Persekutuan Labuan, Malaysia","ChIJ90EEa-8ZIzIRJddjijTYKHE","U-Tea Labuan (Labuan)","","","","","",""
"Not Specified","null","cafe","store","food","point of interest","establishment","","","","100.182244","null","5","null","Ujani Cafe","OPERATIONAL","hash_Ujani Cafe (Perlis)","null","null","null","6","6.4156892","Perlis","6-1, Jalan Satu, Taman Sri Bakong, 01000 Kangar, Perlis, Malaysia","ChIJR_cUkNWZTDARt8HQKAW8BYk","Ujani Cafe (Perlis)","","","","","",""
"Not Specified","null","cafe","food","point of interest","establishment","","","","","106.820003","null","4.8","null","Uji Matcha Grand Indonesia","OPERATIONAL","hash_Uji Matcha Grand Indonesia (Labuan)","2","null","null","335","-6.194858099999999","Labuan","Grand Indonesia West Mall, Jl. M.H. Thamrin No.1 LG floor Unit 03, Kb. Melati, Kecamatan Tanah Abang, Kota Jakarta Pusat, Daerah Khusus Ibukota Jakarta 10310, Indonesia","ChIJgQvramj1aS4RUaIqcdnRf2U","Uji Matcha Grand Indonesia (Labuan)","","","","","",""
"Not Specified","null","cafe","store","food","point of interest","establishment","","","","103.3577825","null","4.3","null","Uncle Kayls Roast Brew - Pure Matcha Club","OPERATIONAL","hash_Uncle Kayls Roast Brew - Pure Matcha Club (Pahang)","null","null","null","11","3.818038","Pahang","Lorong Tok Sira 17, Taman Taz, 25250 Kuantan, Pahang, Malaysia","ChIJU1vcVwC7yDERUKBtih1R5yc","Uncle Kayls Roast Brew - Pure Matcha Club (Pahang)","","","","","",""
"Not Specified","null","cafe","store","food","point of interest","establishment","","","","103.2920009","null","4.7","null","Vm Cafe","OPERATIONAL","hash_Vm Cafe (Pahang)","null","null","null","36","3.819203","Pahang","B2, Lorong IM 2/15, Bandar Indera Mahkota, 25200 Kuantan, Pahang, Malaysia","ChIJIRUt8Aq7yDERBaEgwLmyT_I","Vm Cafe (Pahang)","","","","","",""
"Not Specified","null","cafe","store","food","point of interest","establishment","","","","102.2563182","null","4.9","null","WA COFFEE & ROASTERY","OPERATIONAL","hash_WA COFFEE & ROASTERY (Malacca)","null","null","null","60","2.1860329","Malacca","640, Jalan Melaka Raya 10, Taman Melaka Raya, 75000 Melaka, Malaysia","ChIJt2-NEI_v0TERZjmkf733nhw","WA COFFEE & ROASTERY (Malacca)","","","","","",""
"Not Specified","null","cafe","food","point of interest","establishment","","","","","102.234122","null","4.3","null","Yeon Cafe Melaka","OPERATIONAL","hash_Yeon Cafe Melaka (Malacca)","null","null","null","243","2.1948161","Malacca","31, Jalan KSB 16, TAMAN KOTA SYAHBANDAR, 75200 Melaka, Malaysia","ChIJFecRLwPx0TERfPdRB2UiAe4","Yeon Cafe Melaka (Malacca)","","","","","",""
"Not Specified","null","cafe","store","point of interest","food","establishment","","","","110.3474353","null","4.8","null","Yia Coffee Company","OPERATIONAL","hash_Yia Coffee Company (Sarawak)","null","null","null","149","1.5578716","Sarawak","75, Ewe Hai St, 93000 Kuching, Sarawak, Malaysia","ChIJowTd3TWn-zER7L27aCvTlpA","Yia Coffee Company (Sarawak)","","","","","",""
"Not Specified","null","cafe","food","point of interest","store","establishment","","","","102.2471131","null","4.6","null","Yoohoo Dessert Café","OPERATIONAL","hash_Yoohoo Dessert Café (Kelantan)","null","null","null","352","6.1264495","Kelantan","282, Jalan Dusun Muda, Bandar Kota Bharu, 15400 Kota Bharu, Kelantan, Malaysia","ChIJ8-7RxICvtjER2Jdt4BQbM_o","Yoohoo Dessert Café (Kelantan)","","","","","",""
"Not Specified","null","cafe","food","point of interest","establishment","","","","","103.108756","null","4.5","null","Zahon Cafe","OPERATIONAL","hash_Zahon Cafe (Terengganu)","2","null","null","185","5.2819269","Terengganu","lan Simpang, 743, Jalan Sungai Rengas, Kampung Sungai Rengas Baharu, 20050 Kuala Terengganu, Terengganu, Malaysia","ChIJg2AFQBy_tzERA4G5Guz19W0","Zahon Cafe (Terengganu)","","","","","",""
"Not Specified","null","cafe","food","point of interest","establishment","","","","","100.1913087","null","4.2","null","define : cafe","OPERATIONAL","hash_define : cafe (Perlis)","null","null","null","43","6.435708099999999","Perlis","37, Tingkat, Satu, Jalan Jubli Perak, Pusat Bandar Kangar, 01000 Kangar, Perlis, Malaysia","ChIJCyZXsC2ZTDARNIRBJmClQj8","define : cafe (Perlis)","","","","","",""
"Not Specified","null","cafe","store","food","point of interest","establishment","","","","103.3643571","null","4.3","null","hejōmatcha. - swiss-garden resort residences","OPERATIONAL","hash_hejōmatcha - swiss-garden resort residences (Pahang)","null","null","null","44","3.9018016","Pahang","SK12, Swiss-Garden Resort Residences, Kampung Sungai Karang Pantai, 26100 Balok, Pahang, Malaysia","ChIJTzfgxFejyDERDrvKU2-v-2Y","hejōmatcha - swiss-garden resort residences (Pahang)","","","","","",""
"Not Specified","null","cafe","food","point of interest","store","establishment","","","","101.474141","null","5","null","la’ matcha cafe","OPERATIONAL","hash_la’ matcha cafe (Selangor)","null","null","null","3","2.9326916","Selangor","Jalan Duku, Taman Seri Medan, 42500 Telok Panglima Garang, Selangor, Malaysia","ChIJ5XfzfgCvzTERa3jO2vlV1U4","la’ matcha cafe (Selangor)","","","","","",""
"Not Specified","null","cafe","food","point of interest","establishment","","","","","101.6987335","null","4.3","null","leaf & co. cafe","OPERATIONAL","hash_leaf & co cafe (Kuala Lumpur)","2","null","null","2037","3.1428876","Kuala Lumpur","53, Jalan Sultan, City Centre, 50000 Kuala Lumpur, Wilayah Persekutuan Kuala Lumpur, Malaysia","ChIJB8FE89BJzDER8ZAIRNj0LYc","leaf & co cafe (Kuala Lumpur)","","","","","",""
"Not Specified","","ceremonialGrade","zenAmbience","workRelax","","","","","","0","2025-05-28T11:31:38.044000+00:00","0","null","MATCHEM","OPERATIONAL","hash_matchem-3tgb7","null","https://firebasestorage.googleapis.com/v0/b/matcham-new.firebasestorage.app/o/logos%2Fmatchem-3tgb7%2FScreenshot%202025-02-11%20175319.png?alt=media&token=15d5c290-fa21-47ca-8b24-feee3e01a8e8","10 AM - 11 PM","0","0","Kuala Lumpur","Suite 21-1A\nMenara Haw Par","null","matchem-3tgb7","https://buymeacoffee.com/easytutorials/extras","","","","",""
"Not Specified","null","cafe","food","point of interest","establishment","","","","","116.0768365","null","4.8","null","mizumizu coffee","OPERATIONAL","hash_mizumizu coffee (Sabah)","null","null","null","233","5.983048999999999","Sabah","115, Jalan Gaya, Pusat Bandar Kota Kinabalu, 88000 Kota Kinabalu, Sabah, Malaysia","ChIJS-XbhF5pOzIReSjltHuUQfQ","mizumizu coffee (Sabah)","","","","","",""
"Not Specified","","ceremonialGrade","workRelax","morningBrew","","","","","","0","2025-05-28T13:45:45.726000+00:00","0","null","TESTMATCHA","OPERATIONAL","hash_testmatcha-ponjh","null","https://firebasestorage.googleapis.com/v0/b/matcham-new.firebasestorage.app/o/logos%2Ftestmatcha-ponjh%2FGenerated%20Image%20May%2022%2C%202025%20-%208_43PM.jpeg?alt=media&token=c6876d45-1f59-4b2b-b233-fb85e305ed41","10 AM - 11 PM","0","0","Kuala Lumpur","5731\nJALAN TUALANG 2","null","testmatcha-ponjh","https://buymeacoffee.com/easytutorials/extras","","","","",""
"Not Specified","null","cafe","store","point of interest","food","establishment","","","","103.7745195","null","4.9","null","吃茶趣 Tea & Ember","OPERATIONAL","hash_吃茶趣 Tea & Ember (Johor)","null","null","null","124","1.5654635","Johor","12, Jln Austin Heights 7/7, Taman Mount Austin, 81100 Johor Bahru, Johor Darul Ta'zim, Malaysia","ChIJ7xTSmgFv2jERBdzwAJsZPqE","吃茶趣 Tea & Ember (Johor)","","","","","",""
